-- =====================================================
-- TELCOB - Script de creación de base de datos PostgreSQL local
-- Replica completa de la base de datos Neon.tech
-- =====================================================

-- Crear la base de datos (ejecutar como superusuario)
-- CREATE DATABASE telcob OWNER postgres;

-- Conectar a la base de datos:
-- \c telcob

-- =====================================================
-- TABLA: perfiles_usuario
-- =====================================================
CREATE TABLE perfiles_usuario (
    id UUID PRIMARY KEY DEFAULT gen_random_uuid(),
    username VARCHAR(50) UNIQUE NOT NULL,
    password_hash VARCHAR(255) NOT NULL,
    nombre_completo VARCHAR(100) NOT NULL,
    email VARCHAR(100) UNIQUE NOT NULL,
    tipo_usuario VARCHAR(20) NOT NULL CHECK (tipo_usuario IN ('Administrador', 'Supervisor', 'Cobrador', 'Analista', 'Contador')),
    estado VARCHAR(10) NOT NULL DEFAULT 'activo' CHECK (estado IN ('activo', 'inactivo')),
    ultimo_acceso TIMESTAMP WITH TIME ZONE,
    fecha_creacion TIMESTAMP WITH TIME ZONE DEFAULT NOW(),
    fecha_actualizacion TIMESTAMP WITH TIME ZONE DEFAULT NOW()
);

CREATE INDEX idx_perfiles_usuario_tipo ON perfiles_usuario(tipo_usuario);
CREATE INDEX idx_perfiles_usuario_estado ON perfiles_usuario(estado);
CREATE INDEX idx_perfiles_usuario_email ON perfiles_usuario(email);
CREATE INDEX idx_perfiles_usuario_username ON perfiles_usuario(username);

-- =====================================================
-- TABLA: empresas
-- =====================================================
CREATE TABLE empresas (
    idempresa UUID PRIMARY KEY DEFAULT gen_random_uuid(),
    razonsocial VARCHAR(200) NOT NULL,
    ruc VARCHAR(20) UNIQUE NOT NULL,
    telefono VARCHAR(20),
    direccion TEXT,
    email VARCHAR(100),
    descripcion TEXT,
    logo TEXT,
    fechacreacion TIMESTAMP WITH TIME ZONE DEFAULT NOW(),
    idusuario UUID NOT NULL REFERENCES perfiles_usuario(id),
    fechamodificacion TIMESTAMP WITH TIME ZONE,
    idusuariomod UUID NOT NULL REFERENCES perfiles_usuario(id),
    estado VARCHAR(10) NOT NULL DEFAULT 'activo' CHECK (estado IN ('activo', 'inactivo'))
);

CREATE INDEX idx_empresas_ruc ON empresas(ruc);
CREATE INDEX idx_empresas_estado ON empresas(estado);
CREATE INDEX idx_empresas_razonsocial ON empresas(razonsocial);
CREATE INDEX idx_empresas_idusuario ON empresas(idusuario);

-- =====================================================
-- TABLA: productos
-- =====================================================
CREATE TABLE productos (
    idproducto UUID PRIMARY KEY DEFAULT gen_random_uuid(),
    nombre VARCHAR(200) NOT NULL,
    idempresa UUID NOT NULL REFERENCES empresas(idempresa),
    fechacreacion TIMESTAMP WITH TIME ZONE DEFAULT NOW(),
    idusuario UUID NOT NULL REFERENCES perfiles_usuario(id),
    fechamodificacion TIMESTAMP WITH TIME ZONE,
    idusuariomod UUID NOT NULL REFERENCES perfiles_usuario(id),
    estado VARCHAR(10) NOT NULL DEFAULT 'activo' CHECK (estado IN ('activo', 'inactivo'))
);

CREATE INDEX idx_productos_idempresa ON productos(idempresa);
CREATE INDEX idx_productos_estado ON productos(estado);
CREATE INDEX idx_productos_nombre ON productos(nombre);
CREATE INDEX idx_productos_idusuario ON productos(idusuario);

-- =====================================================
-- TABLA: bases
-- =====================================================
CREATE TABLE bases (
    idbase UUID PRIMARY KEY DEFAULT gen_random_uuid(),
    nombre VARCHAR(200) NOT NULL,
    alias VARCHAR(100),
    idproducto UUID NOT NULL REFERENCES productos(idproducto),
    idcarguegestionar BIGINT,
    maximocuotas INTEGER,
    fechacreacion TIMESTAMP WITH TIME ZONE DEFAULT NOW(),
    idusuario UUID NOT NULL REFERENCES perfiles_usuario(id),
    fechamodificacion TIMESTAMP WITH TIME ZONE,
    idusuariomod UUID NOT NULL REFERENCES perfiles_usuario(id),
    estado VARCHAR(10) NOT NULL DEFAULT 'activo' CHECK (estado IN ('activo', 'inactivo'))
);

CREATE INDEX idx_bases_idproducto ON bases(idproducto);
CREATE INDEX idx_bases_estado ON bases(estado);
CREATE INDEX idx_bases_nombre ON bases(nombre);
CREATE INDEX idx_bases_idusuario ON bases(idusuario);
CREATE INDEX idx_bases_alias ON bases(alias);

-- =====================================================
-- TABLA: cargue_tipo
-- =====================================================
CREATE TABLE cargue_tipo (
    idtipocargue UUID PRIMARY KEY DEFAULT gen_random_uuid(),
    nombre VARCHAR(200) NOT NULL,
    fechacreacion TIMESTAMP WITH TIME ZONE DEFAULT NOW(),
    idusuario UUID NOT NULL REFERENCES perfiles_usuario(id),
    fechamodificacion TIMESTAMP WITH TIME ZONE,
    idusuariomod UUID NOT NULL REFERENCES perfiles_usuario(id),
    estado VARCHAR(10) NOT NULL DEFAULT 'activo' CHECK (estado IN ('activo', 'inactivo'))
);

CREATE INDEX idx_cargue_tipo_nombre ON cargue_tipo(nombre);
CREATE INDEX idx_cargue_tipo_estado ON cargue_tipo(estado);
CREATE INDEX idx_cargue_tipo_idusuario ON cargue_tipo(idusuario);

-- =====================================================
-- TABLA: cargues
-- =====================================================
CREATE TABLE cargues (
    idcargue BIGINT PRIMARY KEY GENERATED ALWAYS AS IDENTITY,
    idtipocargue UUID NOT NULL REFERENCES cargue_tipo(idtipocargue),
    idbase UUID NOT NULL REFERENCES bases(idbase),
    nombre VARCHAR(200) NOT NULL,
    nombrearchivo VARCHAR(500) NOT NULL,
    cantidadregistros INTEGER NOT NULL DEFAULT 0,
    fechacreacion TIMESTAMP WITH TIME ZONE DEFAULT NOW(),
    idusuario UUID NOT NULL REFERENCES perfiles_usuario(id),
    fechamodificacion TIMESTAMP WITH TIME ZONE,
    idusuariomod UUID NOT NULL REFERENCES perfiles_usuario(id),
    estado VARCHAR(10) NOT NULL DEFAULT 'activo' CHECK (estado IN ('activo', 'inactivo'))
);

CREATE INDEX idx_cargues_idtipocargue ON cargues(idtipocargue);
CREATE INDEX idx_cargues_idbase ON cargues(idbase);
CREATE INDEX idx_cargues_estado ON cargues(estado);
CREATE INDEX idx_cargues_nombrearchivo ON cargues(nombrearchivo);
CREATE INDEX idx_cargues_idusuario ON cargues(idusuario);

-- =====================================================
-- TABLA: personas
-- =====================================================
CREATE TABLE personas (
    idpersona UUID PRIMARY KEY DEFAULT gen_random_uuid(),
    idcargue BIGINT NOT NULL REFERENCES cargues(idcargue),
    tipodocumento VARCHAR(30),
    identificacion VARCHAR(50) NOT NULL,
    nombrecompleto VARCHAR(300),
    nombre VARCHAR(150),
    apellido VARCHAR(150),
    fechanacimiento DATE,
    edad INTEGER,
    correo VARCHAR(200),
    departamento VARCHAR(100),
    provincia VARCHAR(100),
    distrito VARCHAR(100),
    direccion TEXT,
    estadocivil VARCHAR(30),
    profesion VARCHAR(100),
    sueldo NUMERIC(15,2),
    cuenta VARCHAR(50),
    numerotarjeta VARCHAR(50),
    producto VARCHAR(200),
    subproducto VARCHAR(200),
    moneda VARCHAR(10),
    deudatotal NUMERIC(18,4),
    interes NUMERIC(18,4),
    cancelaciondeuda NUMERIC(18,4),
    personadatotexto1 TEXT,
    personadatotexto2 TEXT,
    personadatotexto3 TEXT,
    personadatotexto4 TEXT,
    personadatotexto5 TEXT,
    personadatotexto6 TEXT,
    personadatotexto7 TEXT,
    personadatotexto8 TEXT,
    personadatotexto9 TEXT,
    personadatotexto10 TEXT,
    personadatotexto11 TEXT,
    personadatotexto12 TEXT,
    personadatotexto13 TEXT,
    personadatotexto14 TEXT,
    personadatotexto15 TEXT,
    personadatotexto16 TEXT,
    personadatotexto17 TEXT,
    personadatotexto18 TEXT,
    personadatotexto19 TEXT,
    personadatotexto20 TEXT,
    personadatotexto21 TEXT,
    personadatotexto22 TEXT,
    personadatotexto23 TEXT,
    personadatotexto24 TEXT,
    personadatotexto25 TEXT,
    personadatotexto26 TEXT,
    personadatotexto27 TEXT,
    personadatotexto28 TEXT,
    personadatotexto29 TEXT,
    personadatotexto30 TEXT,
    personadatotexto31 TEXT,
    personadatotexto32 TEXT,
    personadatotexto33 TEXT,
    personadatotexto34 TEXT,
    personadatotexto35 TEXT,
    personadatotexto36 TEXT,
    personadatotexto37 TEXT,
    personadatotexto38 TEXT,
    personadatotexto39 TEXT,
    personadatotexto40 TEXT,
    personadatotexto41 TEXT,
    personadatotexto42 TEXT,
    personadatotexto43 TEXT,
    personadatotexto44 TEXT,
    personadatotexto45 TEXT,
    personadatotexto46 TEXT,
    personadatotexto47 TEXT,
    personadatotexto48 TEXT,
    personadatotexto49 TEXT,
    personadatotexto50 TEXT,
    personadatonumerico1 NUMERIC(18,4),
    personadatonumerico2 NUMERIC(18,4),
    personadatonumerico3 NUMERIC(18,4),
    personadatonumerico4 NUMERIC(18,4),
    personadatonumerico5 NUMERIC(18,4),
    personadatonumerico6 NUMERIC(18,4),
    personadatonumerico7 NUMERIC(18,4),
    personadatonumerico8 NUMERIC(18,4),
    personadatonumerico9 NUMERIC(18,4),
    personadatonumerico10 NUMERIC(18,4),
    personadatonumerico11 NUMERIC(18,4),
    personadatonumerico12 NUMERIC(18,4),
    personadatonumerico13 NUMERIC(18,4),
    personadatonumerico14 NUMERIC(18,4),
    personadatonumerico15 NUMERIC(18,4),
    personadatofecha1 TIMESTAMP WITH TIME ZONE,
    personadatofecha2 TIMESTAMP WITH TIME ZONE,
    personadatofecha3 TIMESTAMP WITH TIME ZONE,
    personadatofecha4 TIMESTAMP WITH TIME ZONE,
    personadatofecha5 TIMESTAMP WITH TIME ZONE,
    personadatofecha6 TIMESTAMP WITH TIME ZONE,
    personadatofecha7 TIMESTAMP WITH TIME ZONE,
    personadatofecha8 TIMESTAMP WITH TIME ZONE,
    personadatofecha9 TIMESTAMP WITH TIME ZONE,
    personadatofecha10 TIMESTAMP WITH TIME ZONE,
    personadatofecha11 TIMESTAMP WITH TIME ZONE,
    personadatofecha12 TIMESTAMP WITH TIME ZONE,
    personadatofecha13 TIMESTAMP WITH TIME ZONE,
    personadatofecha14 TIMESTAMP WITH TIME ZONE,
    personadatofecha15 TIMESTAMP WITH TIME ZONE,
    fechacreacion TIMESTAMP WITH TIME ZONE DEFAULT NOW(),
    idusuario UUID NOT NULL REFERENCES perfiles_usuario(id),
    estado VARCHAR(10) NOT NULL DEFAULT 'activo' CHECK (estado IN ('activo', 'inactivo'))
);

CREATE INDEX idx_personas_idcargue ON personas(idcargue);
CREATE INDEX idx_personas_identificacion ON personas(identificacion);
CREATE INDEX idx_personas_nombrecompleto ON personas(nombrecompleto);
CREATE INDEX idx_personas_estado ON personas(estado);
CREATE INDEX idx_personas_tipodocumento ON personas(tipodocumento);
CREATE INDEX idx_personas_departamento ON personas(departamento);
CREATE INDEX idx_personas_idusuario ON personas(idusuario);
CREATE INDEX idx_personas_cuenta ON personas(cuenta);
CREATE INDEX idx_personas_producto ON personas(producto);
CREATE INDEX idx_personas_moneda ON personas(moneda);

-- =====================================================
-- TABLA: pagos
-- =====================================================
CREATE TABLE pagos (
    idpago UUID PRIMARY KEY DEFAULT gen_random_uuid(),
    idcargue BIGINT NOT NULL REFERENCES cargues(idcargue),
    identificacion VARCHAR(50) NOT NULL,
    cuenta VARCHAR(50),
    producto VARCHAR(200),
    subproducto VARCHAR(200),
    fechapago DATE,
    moneda VARCHAR(10),
    montopago NUMERIC(18,4),
    pagodatotexto1 TEXT,
    pagodatotexto2 TEXT,
    pagodatotexto3 TEXT,
    pagodatotexto4 TEXT,
    pagodatotexto5 TEXT,
    pagodatotexto6 TEXT,
    pagodatotexto7 TEXT,
    pagodatotexto8 TEXT,
    pagodatotexto9 TEXT,
    pagodatotexto10 TEXT,
    pagodatonumerico1 NUMERIC(18,4),
    pagodatonumerico2 NUMERIC(18,4),
    pagodatonumerico3 NUMERIC(18,4),
    pagodatonumerico4 NUMERIC(18,4),
    pagodatonumerico5 NUMERIC(18,4),
    pagodatofecha1 TIMESTAMP WITH TIME ZONE,
    pagodatofecha2 TIMESTAMP WITH TIME ZONE,
    pagodatofecha3 TIMESTAMP WITH TIME ZONE,
    pagodatofecha4 TIMESTAMP WITH TIME ZONE,
    pagodatofecha5 TIMESTAMP WITH TIME ZONE,
    fechacreacion TIMESTAMP WITH TIME ZONE DEFAULT NOW(),
    idusuario UUID NOT NULL REFERENCES perfiles_usuario(id),
    estado VARCHAR(10) NOT NULL DEFAULT 'activo' CHECK (estado IN ('activo', 'inactivo'))
);

CREATE INDEX idx_pagos_idcargue ON pagos(idcargue);
CREATE INDEX idx_pagos_identificacion ON pagos(identificacion);
CREATE INDEX idx_pagos_cuenta ON pagos(cuenta);
CREATE INDEX idx_pagos_producto ON pagos(producto);
CREATE INDEX idx_pagos_fechapago ON pagos(fechapago);
CREATE INDEX idx_pagos_estado ON pagos(estado);
CREATE INDEX idx_pagos_idusuario ON pagos(idusuario);

-- =====================================================
-- TABLA: campanas
-- =====================================================
CREATE TABLE campanas (
    idcampana UUID PRIMARY KEY DEFAULT gen_random_uuid(),
    idcargue BIGINT NOT NULL REFERENCES cargues(idcargue),
    identificacion VARCHAR(50) NOT NULL,
    cuenta VARCHAR(50),
    porcentaje NUMERIC(5,2),
    montocampana NUMERIC(18,4),
    detalle TEXT,
    campanadatotexto1 TEXT,
    campanadatotexto2 TEXT,
    campanadatotexto3 TEXT,
    campanadatotexto4 TEXT,
    campanadatotexto5 TEXT,
    campanadatonumerico1 NUMERIC(18,4),
    campanadatonumerico2 NUMERIC(18,4),
    campanadatonumerico3 NUMERIC(18,4),
    campanadatonumerico4 NUMERIC(18,4),
    campanadatonumerico5 NUMERIC(18,4),
    campanadatofecha1 TIMESTAMP WITH TIME ZONE,
    campanadatofecha2 TIMESTAMP WITH TIME ZONE,
    campanadatofecha3 TIMESTAMP WITH TIME ZONE,
    campanadatofecha4 TIMESTAMP WITH TIME ZONE,
    campanadatofecha5 TIMESTAMP WITH TIME ZONE,
    fechacreacion TIMESTAMP WITH TIME ZONE DEFAULT NOW(),
    idusuario UUID NOT NULL REFERENCES perfiles_usuario(id),
    estado VARCHAR(10) NOT NULL DEFAULT 'activo' CHECK (estado IN ('activo', 'inactivo'))
);

CREATE INDEX idx_campanas_idcargue ON campanas(idcargue);
CREATE INDEX idx_campanas_identificacion ON campanas(identificacion);
CREATE INDEX idx_campanas_cuenta ON campanas(cuenta);
CREATE INDEX idx_campanas_estado ON campanas(estado);
CREATE INDEX idx_campanas_idusuario ON campanas(idusuario);

-- =====================================================
-- TABLA: tabla (definición de tablas del sistema)
-- =====================================================
CREATE TABLE tabla (
    idtabla UUID PRIMARY KEY DEFAULT gen_random_uuid(),
    nombre VARCHAR(200) NOT NULL,
    fecha_creacion TIMESTAMP WITH TIME ZONE DEFAULT NOW(),
    idusuariocrea UUID NOT NULL REFERENCES perfiles_usuario(id),
    estado VARCHAR(10) NOT NULL DEFAULT 'activo' CHECK (estado IN ('activo', 'inactivo'))
);

-- =====================================================
-- TABLA: dato_tipo (tipos de dato para las columnas)
-- =====================================================
CREATE TABLE dato_tipo (
    idtipodato UUID PRIMARY KEY DEFAULT gen_random_uuid(),
    nombre VARCHAR(200) NOT NULL,
    fecha_creacion TIMESTAMP WITH TIME ZONE DEFAULT NOW(),
    idusuariocrea UUID NOT NULL REFERENCES perfiles_usuario(id),
    estado VARCHAR(10) NOT NULL DEFAULT 'activo' CHECK (estado IN ('activo', 'inactivo'))
);

-- =====================================================
-- TABLA: tabla_columna (columnas de cada tabla por tipo de cargue)
-- =====================================================
CREATE TABLE tabla_columna (
    idhomologacion UUID PRIMARY KEY DEFAULT gen_random_uuid(),
    idtipocargue UUID NOT NULL REFERENCES cargue_tipo(idtipocargue),
    idtabla UUID NOT NULL REFERENCES tabla(idtabla),
    nombrecolumna VARCHAR(200) NOT NULL,
    idtipodato UUID NOT NULL REFERENCES dato_tipo(idtipodato),
    esobligatorio BOOLEAN NOT NULL DEFAULT false,
    esfiltro BOOLEAN NOT NULL DEFAULT false,
    fecha_creacion TIMESTAMP WITH TIME ZONE DEFAULT NOW(),
    idusuariocrea UUID NOT NULL REFERENCES perfiles_usuario(id),
    estado VARCHAR(10) NOT NULL DEFAULT 'activo' CHECK (estado IN ('activo', 'inactivo'))
);

-- =====================================================
-- TABLA: producto_homologacion (mapeo de campos CSV a columnas BD)
-- =====================================================
CREATE TABLE producto_homologacion (
    idproducto UUID NOT NULL REFERENCES productos(idproducto),
    idhomologacion UUID PRIMARY KEY DEFAULT gen_random_uuid(),
    idtipocargue UUID NOT NULL REFERENCES cargue_tipo(idtipocargue),
    idtabla UUID NOT NULL REFERENCES tabla(idtabla),
    nombrecolumna VARCHAR(200) NOT NULL,
    tipodato UUID NOT NULL REFERENCES dato_tipo(idtipodato),
    obligatorio BOOLEAN NOT NULL DEFAULT false,
    filtro BOOLEAN NOT NULL DEFAULT false,
    nombrecampoorigen VARCHAR(200),
    nombrealiasorigen VARCHAR(200),
    fecha_creacion TIMESTAMP WITH TIME ZONE DEFAULT NOW(),
    idusuariocrea UUID NOT NULL REFERENCES perfiles_usuario(id),
    fechamodificacion TIMESTAMP WITH TIME ZONE,
    idusuariomod UUID REFERENCES perfiles_usuario(id),
    estado VARCHAR(10) NOT NULL DEFAULT 'activo' CHECK (estado IN ('activo', 'inactivo'))
);

CREATE INDEX idx_producto_homologacion_producto ON producto_homologacion(idproducto);
CREATE INDEX idx_producto_homologacion_tipocargue ON producto_homologacion(idtipocargue);
CREATE INDEX idx_producto_homologacion_estado ON producto_homologacion(estado);

-- =====================================================
-- FUNCIONES Y TRIGGERS
-- =====================================================
CREATE OR REPLACE FUNCTION actualizar_fecha_actualizacion()
RETURNS TRIGGER AS $$
BEGIN
    NEW.fecha_actualizacion = NOW();
    RETURN NEW;
END;
$$ LANGUAGE plpgsql;

CREATE TRIGGER trigger_actualizar_perfiles_usuario
    BEFORE UPDATE ON perfiles_usuario
    FOR EACH ROW
    EXECUTE FUNCTION actualizar_fecha_actualizacion();

-- =====================================================
-- DATOS INICIALES (replicados de Neon)
-- =====================================================

-- Usuarios
INSERT INTO perfiles_usuario (id, username, password_hash, nombre_completo, email, tipo_usuario, estado) VALUES
('45d44f02-01e7-4fc6-8b75-03ffc75a67d5', 'admin', '$2a$10$YourBcryptHashHere', 'Administrador Sistema', 'admin@telcob.com', 'Administrador', 'activo'),
('1a378ba7-b05b-46e4-93eb-1eb308479e4b', 'supervisor', '$2a$10$YourBcryptHashHere', 'Supervisor General', 'supervisor@telcob.com', 'Supervisor', 'activo'),
('3cc33b11-fe78-4a13-91ba-8688c3e806ec', 'cobrador1', '$2a$10$YourBcryptHashHere', 'Cobrador Uno', 'cobrador1@telcob.com', 'Cobrador', 'activo');

-- Empresa
INSERT INTO empresas (idempresa, razonsocial, ruc, telefono, direccion, email, descripcion, idusuario, idusuariomod, estado) VALUES
('58b64ddc-5490-4397-bf54-dda2ac38ec68', 'Banco de Crédito', '900123456-1', '6012345678', 'Calle 72 # 10-51', 'contacto@bcc.com', 'Banco especializado en créditos comerciales', '45d44f02-01e7-4fc6-8b75-03ffc75a67d5', '45d44f02-01e7-4fc6-8b75-03ffc75a67d5', 'activo');

-- Producto
INSERT INTO productos (idproducto, nombre, idempresa, idusuario, idusuariomod, estado) VALUES
('bb6162f9-1512-4d3c-abcc-10ced4ea9b54', 'BCP Castigo', '58b64ddc-5490-4397-bf54-dda2ac38ec68', '45d44f02-01e7-4fc6-8b75-03ffc75a67d5', '45d44f02-01e7-4fc6-8b75-03ffc75a67d5', 'activo');

-- Base
INSERT INTO bases (idbase, nombre, alias, idproducto, maximocuotas, idusuario, idusuariomod, estado) VALUES
('ad92457b-b9b4-4d6b-a1d7-b869d0f3d5bd', 'Base Abril 2026', 'Base Abril 2026', 'bb6162f9-1512-4d3c-abcc-10ced4ea9b54', 3, '45d44f02-01e7-4fc6-8b75-03ffc75a67d5', '45d44f02-01e7-4fc6-8b75-03ffc75a67d5', 'activo');

-- Tipos de cargue
INSERT INTO cargue_tipo (idtipocargue, nombre, idusuario, idusuariomod, estado) VALUES
('9489ea30-97f0-422a-afd4-efbbd0765ef9', 'Pago', '45d44f02-01e7-4fc6-8b75-03ffc75a67d5', '45d44f02-01e7-4fc6-8b75-03ffc75a67d5', 'activo'),
('4b7f4173-7a95-4ae6-9b06-551cdbea91c6', 'Campana', '45d44f02-01e7-4fc6-8b75-03ffc75a67d5', '45d44f02-01e7-4fc6-8b75-03ffc75a67d5', 'activo'),
('bc85c74b-4c39-4833-be5c-db3d1a96e5d7', 'Persona', '45d44f02-01e7-4fc6-8b75-03ffc75a67d5', '45d44f02-01e7-4fc6-8b75-03ffc75a67d5', 'activo');

-- Tipos de dato
INSERT INTO dato_tipo (idtipodato, nombre, idusuariocrea, estado) VALUES
('71e56645-9d92-4cde-8da4-92c72284dde8', 'varchar', '45d44f02-01e7-4fc6-8b75-03ffc75a67d5', 'activo'),
('4d5eb101-e914-4932-b076-02353dc4d836', 'numerico', '45d44f02-01e7-4fc6-8b75-03ffc75a67d5', 'activo'),
('b28702c5-22ad-4741-a592-94a9e8d20e90', 'fecha', '45d44f02-01e7-4fc6-8b75-03ffc75a67d5', 'activo');

-- Tablas del sistema
INSERT INTO tabla (idtabla, nombre, idusuariocrea, estado) VALUES
('dd9c0922-dca7-4459-a6dc-b11ef025d395', 'personas', '45d44f02-01e7-4fc6-8b75-03ffc75a67d5', 'activo'),
('5a0b6313-1420-4066-892c-18d881324a37', 'pagos', '45d44f02-01e7-4fc6-8b75-03ffc75a67d5', 'activo'),
('1f2ad945-f2e3-457c-b314-09d9a815ef86', 'campanas', '45d44f02-01e7-4fc6-8b75-03ffc75a67d5', 'activo'),
('7f67fc12-11c7-4442-aced-5b6dd046fc9b', 'obligaciones', '45d44f02-01e7-4fc6-8b75-03ffc75a67d5', 'inactivo');

-- =====================================================
-- COMENTARIOS
-- =====================================================
COMMENT ON TABLE perfiles_usuario IS 'Usuarios del sistema';
COMMENT ON TABLE empresas IS 'Empresas cliente del CRM';-- tabla_columna (150 rows)
INSERT INTO tabla_columna (idhomologacion, idtipocargue, idtabla, nombrecolumna, idtipodato, esobligatorio, esfiltro, fecha_creacion, idusuariocrea, estado) VALUES ('a32c8268-19eb-40b3-8c83-8fbeff0accef','4b7f4173-7a95-4ae6-9b06-551cdbea91c6','1f2ad945-f2e3-457c-b314-09d9a815ef86','campanadatofecha1','b28702c5-22ad-4741-a592-94a9e8d20e90',false,false,'Fri Apr 17 2026 23:59:17 GMT-0500 (hora estándar de Perú)','45d44f02-01e7-4fc6-8b75-03ffc75a67d5','activo');
INSERT INTO tabla_columna (idhomologacion, idtipocargue, idtabla, nombrecolumna, idtipodato, esobligatorio, esfiltro, fecha_creacion, idusuariocrea, estado) VALUES ('b34905f6-67e2-469e-a0b8-abbe0f4c8107','4b7f4173-7a95-4ae6-9b06-551cdbea91c6','1f2ad945-f2e3-457c-b314-09d9a815ef86','campanadatofecha2','b28702c5-22ad-4741-a592-94a9e8d20e90',false,false,'Fri Apr 17 2026 23:59:17 GMT-0500 (hora estándar de Perú)','45d44f02-01e7-4fc6-8b75-03ffc75a67d5','activo');
INSERT INTO tabla_columna (idhomologacion, idtipocargue, idtabla, nombrecolumna, idtipodato, esobligatorio, esfiltro, fecha_creacion, idusuariocrea, estado) VALUES ('eb0df143-f9a9-498a-88fd-8b7b6f36dab2','4b7f4173-7a95-4ae6-9b06-551cdbea91c6','1f2ad945-f2e3-457c-b314-09d9a815ef86','campanadatofecha3','b28702c5-22ad-4741-a592-94a9e8d20e90',false,false,'Fri Apr 17 2026 23:59:17 GMT-0500 (hora estándar de Perú)','45d44f02-01e7-4fc6-8b75-03ffc75a67d5','activo');
INSERT INTO tabla_columna (idhomologacion, idtipocargue, idtabla, nombrecolumna, idtipodato, esobligatorio, esfiltro, fecha_creacion, idusuariocrea, estado) VALUES ('8d7561ed-d2bb-4e1c-83d8-2e05f47a0ec8','4b7f4173-7a95-4ae6-9b06-551cdbea91c6','1f2ad945-f2e3-457c-b314-09d9a815ef86','campanadatofecha4','b28702c5-22ad-4741-a592-94a9e8d20e90',false,false,'Fri Apr 17 2026 23:59:17 GMT-0500 (hora estándar de Perú)','45d44f02-01e7-4fc6-8b75-03ffc75a67d5','activo');
INSERT INTO tabla_columna (idhomologacion, idtipocargue, idtabla, nombrecolumna, idtipodato, esobligatorio, esfiltro, fecha_creacion, idusuariocrea, estado) VALUES ('caa00b9f-aed2-4b4a-83df-3a8eb02c8747','4b7f4173-7a95-4ae6-9b06-551cdbea91c6','1f2ad945-f2e3-457c-b314-09d9a815ef86','campanadatofecha5','b28702c5-22ad-4741-a592-94a9e8d20e90',false,false,'Fri Apr 17 2026 23:59:17 GMT-0500 (hora estándar de Perú)','45d44f02-01e7-4fc6-8b75-03ffc75a67d5','activo');
INSERT INTO tabla_columna (idhomologacion, idtipocargue, idtabla, nombrecolumna, idtipodato, esobligatorio, esfiltro, fecha_creacion, idusuariocrea, estado) VALUES ('b17b3470-8a02-4f73-b26f-652ac50f0b60','4b7f4173-7a95-4ae6-9b06-551cdbea91c6','1f2ad945-f2e3-457c-b314-09d9a815ef86','campanadatonumerico1','4d5eb101-e914-4932-b076-02353dc4d836',false,false,'Fri Apr 17 2026 23:59:17 GMT-0500 (hora estándar de Perú)','45d44f02-01e7-4fc6-8b75-03ffc75a67d5','activo');
INSERT INTO tabla_columna (idhomologacion, idtipocargue, idtabla, nombrecolumna, idtipodato, esobligatorio, esfiltro, fecha_creacion, idusuariocrea, estado) VALUES ('a9c54e3d-c2bc-4673-ac48-faa1ee5940d8','4b7f4173-7a95-4ae6-9b06-551cdbea91c6','1f2ad945-f2e3-457c-b314-09d9a815ef86','campanadatonumerico2','4d5eb101-e914-4932-b076-02353dc4d836',false,false,'Fri Apr 17 2026 23:59:17 GMT-0500 (hora estándar de Perú)','45d44f02-01e7-4fc6-8b75-03ffc75a67d5','activo');
INSERT INTO tabla_columna (idhomologacion, idtipocargue, idtabla, nombrecolumna, idtipodato, esobligatorio, esfiltro, fecha_creacion, idusuariocrea, estado) VALUES ('fe9eae4a-b45c-466b-a866-a9a6459d76c2','4b7f4173-7a95-4ae6-9b06-551cdbea91c6','1f2ad945-f2e3-457c-b314-09d9a815ef86','campanadatonumerico3','4d5eb101-e914-4932-b076-02353dc4d836',false,false,'Fri Apr 17 2026 23:59:17 GMT-0500 (hora estándar de Perú)','45d44f02-01e7-4fc6-8b75-03ffc75a67d5','activo');
INSERT INTO tabla_columna (idhomologacion, idtipocargue, idtabla, nombrecolumna, idtipodato, esobligatorio, esfiltro, fecha_creacion, idusuariocrea, estado) VALUES ('61cf3ac4-c21d-454f-859f-2072fd61462f','4b7f4173-7a95-4ae6-9b06-551cdbea91c6','1f2ad945-f2e3-457c-b314-09d9a815ef86','campanadatonumerico4','4d5eb101-e914-4932-b076-02353dc4d836',false,false,'Fri Apr 17 2026 23:59:17 GMT-0500 (hora estándar de Perú)','45d44f02-01e7-4fc6-8b75-03ffc75a67d5','activo');
INSERT INTO tabla_columna (idhomologacion, idtipocargue, idtabla, nombrecolumna, idtipodato, esobligatorio, esfiltro, fecha_creacion, idusuariocrea, estado) VALUES ('f9b53c4e-8197-417d-be20-948e243b178e','4b7f4173-7a95-4ae6-9b06-551cdbea91c6','1f2ad945-f2e3-457c-b314-09d9a815ef86','campanadatonumerico5','4d5eb101-e914-4932-b076-02353dc4d836',false,false,'Fri Apr 17 2026 23:59:17 GMT-0500 (hora estándar de Perú)','45d44f02-01e7-4fc6-8b75-03ffc75a67d5','activo');
INSERT INTO tabla_columna (idhomologacion, idtipocargue, idtabla, nombrecolumna, idtipodato, esobligatorio, esfiltro, fecha_creacion, idusuariocrea, estado) VALUES ('ddf6b8c8-89dd-4e49-b3a6-209b879f2069','4b7f4173-7a95-4ae6-9b06-551cdbea91c6','1f2ad945-f2e3-457c-b314-09d9a815ef86','campanadatotexto1','71e56645-9d92-4cde-8da4-92c72284dde8',false,false,'Fri Apr 17 2026 23:59:17 GMT-0500 (hora estándar de Perú)','45d44f02-01e7-4fc6-8b75-03ffc75a67d5','activo');
INSERT INTO tabla_columna (idhomologacion, idtipocargue, idtabla, nombrecolumna, idtipodato, esobligatorio, esfiltro, fecha_creacion, idusuariocrea, estado) VALUES ('8cb488af-8a60-4cb7-84bc-22fc054d6baf','4b7f4173-7a95-4ae6-9b06-551cdbea91c6','1f2ad945-f2e3-457c-b314-09d9a815ef86','campanadatotexto2','71e56645-9d92-4cde-8da4-92c72284dde8',false,false,'Fri Apr 17 2026 23:59:17 GMT-0500 (hora estándar de Perú)','45d44f02-01e7-4fc6-8b75-03ffc75a67d5','activo');
INSERT INTO tabla_columna (idhomologacion, idtipocargue, idtabla, nombrecolumna, idtipodato, esobligatorio, esfiltro, fecha_creacion, idusuariocrea, estado) VALUES ('3c3a8722-c04e-474f-b217-19ee5500b220','4b7f4173-7a95-4ae6-9b06-551cdbea91c6','1f2ad945-f2e3-457c-b314-09d9a815ef86','campanadatotexto3','71e56645-9d92-4cde-8da4-92c72284dde8',false,false,'Fri Apr 17 2026 23:59:17 GMT-0500 (hora estándar de Perú)','45d44f02-01e7-4fc6-8b75-03ffc75a67d5','activo');
INSERT INTO tabla_columna (idhomologacion, idtipocargue, idtabla, nombrecolumna, idtipodato, esobligatorio, esfiltro, fecha_creacion, idusuariocrea, estado) VALUES ('51972767-bac0-4c5a-840b-8c989f890ac1','4b7f4173-7a95-4ae6-9b06-551cdbea91c6','1f2ad945-f2e3-457c-b314-09d9a815ef86','campanadatotexto4','71e56645-9d92-4cde-8da4-92c72284dde8',false,false,'Fri Apr 17 2026 23:59:17 GMT-0500 (hora estándar de Perú)','45d44f02-01e7-4fc6-8b75-03ffc75a67d5','activo');
INSERT INTO tabla_columna (idhomologacion, idtipocargue, idtabla, nombrecolumna, idtipodato, esobligatorio, esfiltro, fecha_creacion, idusuariocrea, estado) VALUES ('fcd3c5d6-eeae-4ef3-a3a4-4fb1bfbceae3','4b7f4173-7a95-4ae6-9b06-551cdbea91c6','1f2ad945-f2e3-457c-b314-09d9a815ef86','campanadatotexto5','71e56645-9d92-4cde-8da4-92c72284dde8',false,false,'Fri Apr 17 2026 23:59:17 GMT-0500 (hora estándar de Perú)','45d44f02-01e7-4fc6-8b75-03ffc75a67d5','activo');
INSERT INTO tabla_columna (idhomologacion, idtipocargue, idtabla, nombrecolumna, idtipodato, esobligatorio, esfiltro, fecha_creacion, idusuariocrea, estado) VALUES ('cc6d4b1b-453f-4cf2-9885-c8603da88eda','4b7f4173-7a95-4ae6-9b06-551cdbea91c6','1f2ad945-f2e3-457c-b314-09d9a815ef86','cuenta','71e56645-9d92-4cde-8da4-92c72284dde8',true,false,'Fri Apr 17 2026 23:59:17 GMT-0500 (hora estándar de Perú)','45d44f02-01e7-4fc6-8b75-03ffc75a67d5','activo');
INSERT INTO tabla_columna (idhomologacion, idtipocargue, idtabla, nombrecolumna, idtipodato, esobligatorio, esfiltro, fecha_creacion, idusuariocrea, estado) VALUES ('5360f967-36c3-49bd-9174-49856a1d3c49','4b7f4173-7a95-4ae6-9b06-551cdbea91c6','1f2ad945-f2e3-457c-b314-09d9a815ef86','detalle','71e56645-9d92-4cde-8da4-92c72284dde8',false,false,'Fri Apr 17 2026 23:59:17 GMT-0500 (hora estándar de Perú)','45d44f02-01e7-4fc6-8b75-03ffc75a67d5','activo');
INSERT INTO tabla_columna (idhomologacion, idtipocargue, idtabla, nombrecolumna, idtipodato, esobligatorio, esfiltro, fecha_creacion, idusuariocrea, estado) VALUES ('ecc987ea-65b9-4f5b-9a61-52fd8c70d1bc','4b7f4173-7a95-4ae6-9b06-551cdbea91c6','1f2ad945-f2e3-457c-b314-09d9a815ef86','identificacion','71e56645-9d92-4cde-8da4-92c72284dde8',true,false,'Fri Apr 17 2026 23:59:17 GMT-0500 (hora estándar de Perú)','45d44f02-01e7-4fc6-8b75-03ffc75a67d5','activo');
INSERT INTO tabla_columna (idhomologacion, idtipocargue, idtabla, nombrecolumna, idtipodato, esobligatorio, esfiltro, fecha_creacion, idusuariocrea, estado) VALUES ('634037c1-bdd0-4d11-b86f-d3e0fe13a4ed','4b7f4173-7a95-4ae6-9b06-551cdbea91c6','1f2ad945-f2e3-457c-b314-09d9a815ef86','montocampana','4d5eb101-e914-4932-b076-02353dc4d836',false,false,'Fri Apr 17 2026 23:59:17 GMT-0500 (hora estándar de Perú)','45d44f02-01e7-4fc6-8b75-03ffc75a67d5','activo');
INSERT INTO tabla_columna (idhomologacion, idtipocargue, idtabla, nombrecolumna, idtipodato, esobligatorio, esfiltro, fecha_creacion, idusuariocrea, estado) VALUES ('7edfed81-26bb-448a-9e49-dea9e17ace6a','4b7f4173-7a95-4ae6-9b06-551cdbea91c6','1f2ad945-f2e3-457c-b314-09d9a815ef86','porcentaje','71e56645-9d92-4cde-8da4-92c72284dde8',false,false,'Fri Apr 17 2026 23:59:17 GMT-0500 (hora estándar de Perú)','45d44f02-01e7-4fc6-8b75-03ffc75a67d5','activo');
INSERT INTO tabla_columna (idhomologacion, idtipocargue, idtabla, nombrecolumna, idtipodato, esobligatorio, esfiltro, fecha_creacion, idusuariocrea, estado) VALUES ('eb4c5b32-60f2-4f1c-83ce-dcc99f4f093b','9489ea30-97f0-422a-afd4-efbbd0765ef9','5a0b6313-1420-4066-892c-18d881324a37','cuenta','71e56645-9d92-4cde-8da4-92c72284dde8',true,false,'Fri Apr 17 2026 23:59:17 GMT-0500 (hora estándar de Perú)','45d44f02-01e7-4fc6-8b75-03ffc75a67d5','activo');
INSERT INTO tabla_columna (idhomologacion, idtipocargue, idtabla, nombrecolumna, idtipodato, esobligatorio, esfiltro, fecha_creacion, idusuariocrea, estado) VALUES ('436c309c-68c0-42ec-86b8-b744950a0b8c','9489ea30-97f0-422a-afd4-efbbd0765ef9','5a0b6313-1420-4066-892c-18d881324a37','fechapago','71e56645-9d92-4cde-8da4-92c72284dde8',false,false,'Fri Apr 17 2026 23:59:17 GMT-0500 (hora estándar de Perú)','45d44f02-01e7-4fc6-8b75-03ffc75a67d5','activo');
INSERT INTO tabla_columna (idhomologacion, idtipocargue, idtabla, nombrecolumna, idtipodato, esobligatorio, esfiltro, fecha_creacion, idusuariocrea, estado) VALUES ('2f342225-f3b6-4c9b-b491-f78863c4c4eb','9489ea30-97f0-422a-afd4-efbbd0765ef9','5a0b6313-1420-4066-892c-18d881324a37','identificacion','71e56645-9d92-4cde-8da4-92c72284dde8',true,false,'Fri Apr 17 2026 23:59:17 GMT-0500 (hora estándar de Perú)','45d44f02-01e7-4fc6-8b75-03ffc75a67d5','activo');
INSERT INTO tabla_columna (idhomologacion, idtipocargue, idtabla, nombrecolumna, idtipodato, esobligatorio, esfiltro, fecha_creacion, idusuariocrea, estado) VALUES ('d7273549-aaaa-44dc-be8d-a804bc7044d1','9489ea30-97f0-422a-afd4-efbbd0765ef9','5a0b6313-1420-4066-892c-18d881324a37','moneda','71e56645-9d92-4cde-8da4-92c72284dde8',false,false,'Fri Apr 17 2026 23:59:17 GMT-0500 (hora estándar de Perú)','45d44f02-01e7-4fc6-8b75-03ffc75a67d5','activo');
INSERT INTO tabla_columna (idhomologacion, idtipocargue, idtabla, nombrecolumna, idtipodato, esobligatorio, esfiltro, fecha_creacion, idusuariocrea, estado) VALUES ('015a7e4a-b40f-4cf1-afda-dd78025a030d','9489ea30-97f0-422a-afd4-efbbd0765ef9','5a0b6313-1420-4066-892c-18d881324a37','montopago','4d5eb101-e914-4932-b076-02353dc4d836',false,false,'Fri Apr 17 2026 23:59:17 GMT-0500 (hora estándar de Perú)','45d44f02-01e7-4fc6-8b75-03ffc75a67d5','activo');
INSERT INTO tabla_columna (idhomologacion, idtipocargue, idtabla, nombrecolumna, idtipodato, esobligatorio, esfiltro, fecha_creacion, idusuariocrea, estado) VALUES ('a4b37b10-1784-4120-a1ab-adcd4b083d17','9489ea30-97f0-422a-afd4-efbbd0765ef9','5a0b6313-1420-4066-892c-18d881324a37','pagodatofecha1','b28702c5-22ad-4741-a592-94a9e8d20e90',false,false,'Fri Apr 17 2026 23:59:17 GMT-0500 (hora estándar de Perú)','45d44f02-01e7-4fc6-8b75-03ffc75a67d5','activo');
INSERT INTO tabla_columna (idhomologacion, idtipocargue, idtabla, nombrecolumna, idtipodato, esobligatorio, esfiltro, fecha_creacion, idusuariocrea, estado) VALUES ('a2a2b52e-3559-46c4-8251-86fa0eebf282','9489ea30-97f0-422a-afd4-efbbd0765ef9','5a0b6313-1420-4066-892c-18d881324a37','pagodatofecha2','b28702c5-22ad-4741-a592-94a9e8d20e90',false,false,'Fri Apr 17 2026 23:59:17 GMT-0500 (hora estándar de Perú)','45d44f02-01e7-4fc6-8b75-03ffc75a67d5','activo');
INSERT INTO tabla_columna (idhomologacion, idtipocargue, idtabla, nombrecolumna, idtipodato, esobligatorio, esfiltro, fecha_creacion, idusuariocrea, estado) VALUES ('7bdab2ab-26ad-4207-a171-e518983aad90','9489ea30-97f0-422a-afd4-efbbd0765ef9','5a0b6313-1420-4066-892c-18d881324a37','pagodatofecha3','b28702c5-22ad-4741-a592-94a9e8d20e90',false,false,'Fri Apr 17 2026 23:59:17 GMT-0500 (hora estándar de Perú)','45d44f02-01e7-4fc6-8b75-03ffc75a67d5','activo');
INSERT INTO tabla_columna (idhomologacion, idtipocargue, idtabla, nombrecolumna, idtipodato, esobligatorio, esfiltro, fecha_creacion, idusuariocrea, estado) VALUES ('d2ef6886-6818-48b1-8104-2f9e6507fbcd','9489ea30-97f0-422a-afd4-efbbd0765ef9','5a0b6313-1420-4066-892c-18d881324a37','pagodatofecha4','b28702c5-22ad-4741-a592-94a9e8d20e90',false,false,'Fri Apr 17 2026 23:59:17 GMT-0500 (hora estándar de Perú)','45d44f02-01e7-4fc6-8b75-03ffc75a67d5','activo');
INSERT INTO tabla_columna (idhomologacion, idtipocargue, idtabla, nombrecolumna, idtipodato, esobligatorio, esfiltro, fecha_creacion, idusuariocrea, estado) VALUES ('482cd34d-fac2-4c47-a8e5-b028f8e0e31e','9489ea30-97f0-422a-afd4-efbbd0765ef9','5a0b6313-1420-4066-892c-18d881324a37','pagodatofecha5','b28702c5-22ad-4741-a592-94a9e8d20e90',false,false,'Fri Apr 17 2026 23:59:17 GMT-0500 (hora estándar de Perú)','45d44f02-01e7-4fc6-8b75-03ffc75a67d5','activo');
INSERT INTO tabla_columna (idhomologacion, idtipocargue, idtabla, nombrecolumna, idtipodato, esobligatorio, esfiltro, fecha_creacion, idusuariocrea, estado) VALUES ('8ba61a83-5891-476f-bcbb-fc8174d904b0','9489ea30-97f0-422a-afd4-efbbd0765ef9','5a0b6313-1420-4066-892c-18d881324a37','pagodatonumerico1','4d5eb101-e914-4932-b076-02353dc4d836',false,false,'Fri Apr 17 2026 23:59:17 GMT-0500 (hora estándar de Perú)','45d44f02-01e7-4fc6-8b75-03ffc75a67d5','activo');
INSERT INTO tabla_columna (idhomologacion, idtipocargue, idtabla, nombrecolumna, idtipodato, esobligatorio, esfiltro, fecha_creacion, idusuariocrea, estado) VALUES ('9567c685-3414-41de-8dbe-fd539b90e3ea','9489ea30-97f0-422a-afd4-efbbd0765ef9','5a0b6313-1420-4066-892c-18d881324a37','pagodatonumerico2','4d5eb101-e914-4932-b076-02353dc4d836',false,false,'Fri Apr 17 2026 23:59:17 GMT-0500 (hora estándar de Perú)','45d44f02-01e7-4fc6-8b75-03ffc75a67d5','activo');
INSERT INTO tabla_columna (idhomologacion, idtipocargue, idtabla, nombrecolumna, idtipodato, esobligatorio, esfiltro, fecha_creacion, idusuariocrea, estado) VALUES ('9c6af6a8-6278-431e-a4b3-9c9df9bd62a2','9489ea30-97f0-422a-afd4-efbbd0765ef9','5a0b6313-1420-4066-892c-18d881324a37','pagodatonumerico3','4d5eb101-e914-4932-b076-02353dc4d836',false,false,'Fri Apr 17 2026 23:59:17 GMT-0500 (hora estándar de Perú)','45d44f02-01e7-4fc6-8b75-03ffc75a67d5','activo');
INSERT INTO tabla_columna (idhomologacion, idtipocargue, idtabla, nombrecolumna, idtipodato, esobligatorio, esfiltro, fecha_creacion, idusuariocrea, estado) VALUES ('fd4ae73d-2aed-47ba-96a2-64b355deb603','9489ea30-97f0-422a-afd4-efbbd0765ef9','5a0b6313-1420-4066-892c-18d881324a37','pagodatonumerico4','4d5eb101-e914-4932-b076-02353dc4d836',false,false,'Fri Apr 17 2026 23:59:17 GMT-0500 (hora estándar de Perú)','45d44f02-01e7-4fc6-8b75-03ffc75a67d5','activo');
INSERT INTO tabla_columna (idhomologacion, idtipocargue, idtabla, nombrecolumna, idtipodato, esobligatorio, esfiltro, fecha_creacion, idusuariocrea, estado) VALUES ('2e98eb14-3e5d-4a70-8e5e-2b180fd6f4d0','9489ea30-97f0-422a-afd4-efbbd0765ef9','5a0b6313-1420-4066-892c-18d881324a37','pagodatonumerico5','4d5eb101-e914-4932-b076-02353dc4d836',false,false,'Fri Apr 17 2026 23:59:17 GMT-0500 (hora estándar de Perú)','45d44f02-01e7-4fc6-8b75-03ffc75a67d5','activo');
INSERT INTO tabla_columna (idhomologacion, idtipocargue, idtabla, nombrecolumna, idtipodato, esobligatorio, esfiltro, fecha_creacion, idusuariocrea, estado) VALUES ('03c3878c-7e6d-43d3-bfe0-5287a9f68a78','9489ea30-97f0-422a-afd4-efbbd0765ef9','5a0b6313-1420-4066-892c-18d881324a37','pagodatotexto1','71e56645-9d92-4cde-8da4-92c72284dde8',false,false,'Fri Apr 17 2026 23:59:17 GMT-0500 (hora estándar de Perú)','45d44f02-01e7-4fc6-8b75-03ffc75a67d5','activo');
INSERT INTO tabla_columna (idhomologacion, idtipocargue, idtabla, nombrecolumna, idtipodato, esobligatorio, esfiltro, fecha_creacion, idusuariocrea, estado) VALUES ('ab8a07ef-e282-4f1e-80af-f21bc689ff14','9489ea30-97f0-422a-afd4-efbbd0765ef9','5a0b6313-1420-4066-892c-18d881324a37','pagodatotexto10','71e56645-9d92-4cde-8da4-92c72284dde8',false,false,'Fri Apr 17 2026 23:59:17 GMT-0500 (hora estándar de Perú)','45d44f02-01e7-4fc6-8b75-03ffc75a67d5','activo');
INSERT INTO tabla_columna (idhomologacion, idtipocargue, idtabla, nombrecolumna, idtipodato, esobligatorio, esfiltro, fecha_creacion, idusuariocrea, estado) VALUES ('f01f5d36-c98a-474b-8700-544e1c8cbf00','9489ea30-97f0-422a-afd4-efbbd0765ef9','5a0b6313-1420-4066-892c-18d881324a37','pagodatotexto2','71e56645-9d92-4cde-8da4-92c72284dde8',false,false,'Fri Apr 17 2026 23:59:17 GMT-0500 (hora estándar de Perú)','45d44f02-01e7-4fc6-8b75-03ffc75a67d5','activo');
INSERT INTO tabla_columna (idhomologacion, idtipocargue, idtabla, nombrecolumna, idtipodato, esobligatorio, esfiltro, fecha_creacion, idusuariocrea, estado) VALUES ('6b27ef2c-28f4-436b-95ac-25544f27b562','9489ea30-97f0-422a-afd4-efbbd0765ef9','5a0b6313-1420-4066-892c-18d881324a37','pagodatotexto3','71e56645-9d92-4cde-8da4-92c72284dde8',false,false,'Fri Apr 17 2026 23:59:17 GMT-0500 (hora estándar de Perú)','45d44f02-01e7-4fc6-8b75-03ffc75a67d5','activo');
INSERT INTO tabla_columna (idhomologacion, idtipocargue, idtabla, nombrecolumna, idtipodato, esobligatorio, esfiltro, fecha_creacion, idusuariocrea, estado) VALUES ('831c3d53-3736-4a62-8313-18d83e998531','9489ea30-97f0-422a-afd4-efbbd0765ef9','5a0b6313-1420-4066-892c-18d881324a37','pagodatotexto4','71e56645-9d92-4cde-8da4-92c72284dde8',false,false,'Fri Apr 17 2026 23:59:17 GMT-0500 (hora estándar de Perú)','45d44f02-01e7-4fc6-8b75-03ffc75a67d5','activo');
INSERT INTO tabla_columna (idhomologacion, idtipocargue, idtabla, nombrecolumna, idtipodato, esobligatorio, esfiltro, fecha_creacion, idusuariocrea, estado) VALUES ('009b8195-6e91-4b78-81c6-cfdc766f84f3','9489ea30-97f0-422a-afd4-efbbd0765ef9','5a0b6313-1420-4066-892c-18d881324a37','pagodatotexto5','71e56645-9d92-4cde-8da4-92c72284dde8',false,false,'Fri Apr 17 2026 23:59:17 GMT-0500 (hora estándar de Perú)','45d44f02-01e7-4fc6-8b75-03ffc75a67d5','activo');
INSERT INTO tabla_columna (idhomologacion, idtipocargue, idtabla, nombrecolumna, idtipodato, esobligatorio, esfiltro, fecha_creacion, idusuariocrea, estado) VALUES ('e5c1eae8-2575-47f3-b1b1-b5d22a45571a','9489ea30-97f0-422a-afd4-efbbd0765ef9','5a0b6313-1420-4066-892c-18d881324a37','pagodatotexto6','71e56645-9d92-4cde-8da4-92c72284dde8',false,false,'Fri Apr 17 2026 23:59:17 GMT-0500 (hora estándar de Perú)','45d44f02-01e7-4fc6-8b75-03ffc75a67d5','activo');
INSERT INTO tabla_columna (idhomologacion, idtipocargue, idtabla, nombrecolumna, idtipodato, esobligatorio, esfiltro, fecha_creacion, idusuariocrea, estado) VALUES ('c748655e-9341-44a3-9312-af27363f9507','9489ea30-97f0-422a-afd4-efbbd0765ef9','5a0b6313-1420-4066-892c-18d881324a37','pagodatotexto7','71e56645-9d92-4cde-8da4-92c72284dde8',false,false,'Fri Apr 17 2026 23:59:17 GMT-0500 (hora estándar de Perú)','45d44f02-01e7-4fc6-8b75-03ffc75a67d5','activo');
INSERT INTO tabla_columna (idhomologacion, idtipocargue, idtabla, nombrecolumna, idtipodato, esobligatorio, esfiltro, fecha_creacion, idusuariocrea, estado) VALUES ('fa1fab33-cc2a-49a0-9d7b-3bcc8f238264','9489ea30-97f0-422a-afd4-efbbd0765ef9','5a0b6313-1420-4066-892c-18d881324a37','pagodatotexto8','71e56645-9d92-4cde-8da4-92c72284dde8',false,false,'Fri Apr 17 2026 23:59:17 GMT-0500 (hora estándar de Perú)','45d44f02-01e7-4fc6-8b75-03ffc75a67d5','activo');
INSERT INTO tabla_columna (idhomologacion, idtipocargue, idtabla, nombrecolumna, idtipodato, esobligatorio, esfiltro, fecha_creacion, idusuariocrea, estado) VALUES ('768aaf69-eef1-4643-aab8-c551b1975c49','9489ea30-97f0-422a-afd4-efbbd0765ef9','5a0b6313-1420-4066-892c-18d881324a37','pagodatotexto9','71e56645-9d92-4cde-8da4-92c72284dde8',false,false,'Fri Apr 17 2026 23:59:17 GMT-0500 (hora estándar de Perú)','45d44f02-01e7-4fc6-8b75-03ffc75a67d5','activo');
INSERT INTO tabla_columna (idhomologacion, idtipocargue, idtabla, nombrecolumna, idtipodato, esobligatorio, esfiltro, fecha_creacion, idusuariocrea, estado) VALUES ('c089df56-7d00-4de0-b06b-be4c5ee867bf','9489ea30-97f0-422a-afd4-efbbd0765ef9','5a0b6313-1420-4066-892c-18d881324a37','producto','71e56645-9d92-4cde-8da4-92c72284dde8',false,false,'Fri Apr 17 2026 23:59:17 GMT-0500 (hora estándar de Perú)','45d44f02-01e7-4fc6-8b75-03ffc75a67d5','activo');
INSERT INTO tabla_columna (idhomologacion, idtipocargue, idtabla, nombrecolumna, idtipodato, esobligatorio, esfiltro, fecha_creacion, idusuariocrea, estado) VALUES ('a7b10ec7-2847-48ac-9118-7382a33b8673','9489ea30-97f0-422a-afd4-efbbd0765ef9','5a0b6313-1420-4066-892c-18d881324a37','subproducto','71e56645-9d92-4cde-8da4-92c72284dde8',false,false,'Fri Apr 17 2026 23:59:17 GMT-0500 (hora estándar de Perú)','45d44f02-01e7-4fc6-8b75-03ffc75a67d5','activo');
INSERT INTO tabla_columna (idhomologacion, idtipocargue, idtabla, nombrecolumna, idtipodato, esobligatorio, esfiltro, fecha_creacion, idusuariocrea, estado) VALUES ('c0eb3ecf-5079-404e-a530-932d168156b5','bc85c74b-4c39-4833-be5c-db3d1a96e5d7','dd9c0922-dca7-4459-a6dc-b11ef025d395','Interes','4d5eb101-e914-4932-b076-02353dc4d836',false,false,'Fri May 08 2026 00:27:29 GMT-0500 (hora estándar de Perú)','45d44f02-01e7-4fc6-8b75-03ffc75a67d5','activo');
INSERT INTO tabla_columna (idhomologacion, idtipocargue, idtabla, nombrecolumna, idtipodato, esobligatorio, esfiltro, fecha_creacion, idusuariocrea, estado) VALUES ('1fa01b38-cf99-4e62-9886-5d0b4a78eb31','bc85c74b-4c39-4833-be5c-db3d1a96e5d7','dd9c0922-dca7-4459-a6dc-b11ef025d395','apellido','71e56645-9d92-4cde-8da4-92c72284dde8',false,false,'Fri Apr 17 2026 23:59:17 GMT-0500 (hora estándar de Perú)','45d44f02-01e7-4fc6-8b75-03ffc75a67d5','activo');
INSERT INTO tabla_columna (idhomologacion, idtipocargue, idtabla, nombrecolumna, idtipodato, esobligatorio, esfiltro, fecha_creacion, idusuariocrea, estado) VALUES ('914990c6-00f8-444d-b1a9-bcefd6a4d71e','bc85c74b-4c39-4833-be5c-db3d1a96e5d7','dd9c0922-dca7-4459-a6dc-b11ef025d395','cancelacionDeuda','4d5eb101-e914-4932-b076-02353dc4d836',false,false,'Fri May 08 2026 00:27:29 GMT-0500 (hora estándar de Perú)','45d44f02-01e7-4fc6-8b75-03ffc75a67d5','activo');
INSERT INTO tabla_columna (idhomologacion, idtipocargue, idtabla, nombrecolumna, idtipodato, esobligatorio, esfiltro, fecha_creacion, idusuariocrea, estado) VALUES ('00c015dd-d3d5-473b-a7e4-9b099bbd9445','bc85c74b-4c39-4833-be5c-db3d1a96e5d7','dd9c0922-dca7-4459-a6dc-b11ef025d395','correo','71e56645-9d92-4cde-8da4-92c72284dde8',false,false,'Fri Apr 17 2026 23:59:17 GMT-0500 (hora estándar de Perú)','45d44f02-01e7-4fc6-8b75-03ffc75a67d5','activo');
INSERT INTO tabla_columna (idhomologacion, idtipocargue, idtabla, nombrecolumna, idtipodato, esobligatorio, esfiltro, fecha_creacion, idusuariocrea, estado) VALUES ('5cd451e9-b000-4b68-b2a2-a53f4047d2c1','bc85c74b-4c39-4833-be5c-db3d1a96e5d7','dd9c0922-dca7-4459-a6dc-b11ef025d395','cuenta','71e56645-9d92-4cde-8da4-92c72284dde8',true,false,'Fri May 08 2026 00:27:28 GMT-0500 (hora estándar de Perú)','45d44f02-01e7-4fc6-8b75-03ffc75a67d5','activo');
INSERT INTO tabla_columna (idhomologacion, idtipocargue, idtabla, nombrecolumna, idtipodato, esobligatorio, esfiltro, fecha_creacion, idusuariocrea, estado) VALUES ('75b8f84a-9340-4d7e-8564-1f081f5290e1','bc85c74b-4c39-4833-be5c-db3d1a96e5d7','dd9c0922-dca7-4459-a6dc-b11ef025d395','departamento','71e56645-9d92-4cde-8da4-92c72284dde8',false,true,'Fri Apr 17 2026 23:59:17 GMT-0500 (hora estándar de Perú)','45d44f02-01e7-4fc6-8b75-03ffc75a67d5','activo');
INSERT INTO tabla_columna (idhomologacion, idtipocargue, idtabla, nombrecolumna, idtipodato, esobligatorio, esfiltro, fecha_creacion, idusuariocrea, estado) VALUES ('5827f4ba-c18d-4dc5-bee5-61c4d518db1d','bc85c74b-4c39-4833-be5c-db3d1a96e5d7','dd9c0922-dca7-4459-a6dc-b11ef025d395','deudaTotal','4d5eb101-e914-4932-b076-02353dc4d836',true,false,'Fri May 08 2026 00:27:29 GMT-0500 (hora estándar de Perú)','45d44f02-01e7-4fc6-8b75-03ffc75a67d5','activo');
INSERT INTO tabla_columna (idhomologacion, idtipocargue, idtabla, nombrecolumna, idtipodato, esobligatorio, esfiltro, fecha_creacion, idusuariocrea, estado) VALUES ('a9bcede7-4e30-4d72-a7d4-8b0a3aab8c83','bc85c74b-4c39-4833-be5c-db3d1a96e5d7','dd9c0922-dca7-4459-a6dc-b11ef025d395','direccion','71e56645-9d92-4cde-8da4-92c72284dde8',false,false,'Fri Apr 17 2026 23:59:17 GMT-0500 (hora estándar de Perú)','45d44f02-01e7-4fc6-8b75-03ffc75a67d5','activo');
INSERT INTO tabla_columna (idhomologacion, idtipocargue, idtabla, nombrecolumna, idtipodato, esobligatorio, esfiltro, fecha_creacion, idusuariocrea, estado) VALUES ('fc13851f-f4f5-4e5f-851b-9603adf8e375','bc85c74b-4c39-4833-be5c-db3d1a96e5d7','dd9c0922-dca7-4459-a6dc-b11ef025d395','distrito','71e56645-9d92-4cde-8da4-92c72284dde8',false,false,'Fri Apr 17 2026 23:59:17 GMT-0500 (hora estándar de Perú)','45d44f02-01e7-4fc6-8b75-03ffc75a67d5','activo');
INSERT INTO tabla_columna (idhomologacion, idtipocargue, idtabla, nombrecolumna, idtipodato, esobligatorio, esfiltro, fecha_creacion, idusuariocrea, estado) VALUES ('de49fb81-32ad-4d37-be82-ceaaa1cf241e','bc85c74b-4c39-4833-be5c-db3d1a96e5d7','dd9c0922-dca7-4459-a6dc-b11ef025d395','edad','4d5eb101-e914-4932-b076-02353dc4d836',false,true,'Fri Apr 17 2026 23:59:17 GMT-0500 (hora estándar de Perú)','45d44f02-01e7-4fc6-8b75-03ffc75a67d5','activo');
INSERT INTO tabla_columna (idhomologacion, idtipocargue, idtabla, nombrecolumna, idtipodato, esobligatorio, esfiltro, fecha_creacion, idusuariocrea, estado) VALUES ('8a7be774-24b7-4713-84d3-d18516f3ad26','bc85c74b-4c39-4833-be5c-db3d1a96e5d7','dd9c0922-dca7-4459-a6dc-b11ef025d395','estadoCivil','71e56645-9d92-4cde-8da4-92c72284dde8',false,true,'Fri Apr 17 2026 23:59:17 GMT-0500 (hora estándar de Perú)','45d44f02-01e7-4fc6-8b75-03ffc75a67d5','activo');
INSERT INTO tabla_columna (idhomologacion, idtipocargue, idtabla, nombrecolumna, idtipodato, esobligatorio, esfiltro, fecha_creacion, idusuariocrea, estado) VALUES ('9228c385-523b-4285-842b-3d2288a19421','bc85c74b-4c39-4833-be5c-db3d1a96e5d7','dd9c0922-dca7-4459-a6dc-b11ef025d395','fechaNacimiento','b28702c5-22ad-4741-a592-94a9e8d20e90',false,true,'Fri Apr 17 2026 23:59:17 GMT-0500 (hora estándar de Perú)','45d44f02-01e7-4fc6-8b75-03ffc75a67d5','activo');
INSERT INTO tabla_columna (idhomologacion, idtipocargue, idtabla, nombrecolumna, idtipodato, esobligatorio, esfiltro, fecha_creacion, idusuariocrea, estado) VALUES ('b5f70efa-59f0-4594-a135-6da404ab0551','bc85c74b-4c39-4833-be5c-db3d1a96e5d7','dd9c0922-dca7-4459-a6dc-b11ef025d395','identificacion','71e56645-9d92-4cde-8da4-92c72284dde8',true,false,'Fri Apr 17 2026 23:59:17 GMT-0500 (hora estándar de Perú)','45d44f02-01e7-4fc6-8b75-03ffc75a67d5','activo');
INSERT INTO tabla_columna (idhomologacion, idtipocargue, idtabla, nombrecolumna, idtipodato, esobligatorio, esfiltro, fecha_creacion, idusuariocrea, estado) VALUES ('f4afbbca-6034-4f68-b2c3-894b4918b051','bc85c74b-4c39-4833-be5c-db3d1a96e5d7','dd9c0922-dca7-4459-a6dc-b11ef025d395','moneda','71e56645-9d92-4cde-8da4-92c72284dde8',false,false,'Fri May 08 2026 00:27:28 GMT-0500 (hora estándar de Perú)','45d44f02-01e7-4fc6-8b75-03ffc75a67d5','activo');
INSERT INTO tabla_columna (idhomologacion, idtipocargue, idtabla, nombrecolumna, idtipodato, esobligatorio, esfiltro, fecha_creacion, idusuariocrea, estado) VALUES ('c4e4fbf5-2700-4f09-af56-22c94139bac0','bc85c74b-4c39-4833-be5c-db3d1a96e5d7','dd9c0922-dca7-4459-a6dc-b11ef025d395','nombre','71e56645-9d92-4cde-8da4-92c72284dde8',false,false,'Fri Apr 17 2026 23:59:17 GMT-0500 (hora estándar de Perú)','45d44f02-01e7-4fc6-8b75-03ffc75a67d5','activo');
INSERT INTO tabla_columna (idhomologacion, idtipocargue, idtabla, nombrecolumna, idtipodato, esobligatorio, esfiltro, fecha_creacion, idusuariocrea, estado) VALUES ('21a68567-1271-4e42-ac15-479f47276dd4','bc85c74b-4c39-4833-be5c-db3d1a96e5d7','dd9c0922-dca7-4459-a6dc-b11ef025d395','nombreCompleto','71e56645-9d92-4cde-8da4-92c72284dde8',true,false,'Fri Apr 17 2026 23:59:17 GMT-0500 (hora estándar de Perú)','45d44f02-01e7-4fc6-8b75-03ffc75a67d5','activo');
INSERT INTO tabla_columna (idhomologacion, idtipocargue, idtabla, nombrecolumna, idtipodato, esobligatorio, esfiltro, fecha_creacion, idusuariocrea, estado) VALUES ('108893c7-d569-4085-9084-42d547af9c88','bc85c74b-4c39-4833-be5c-db3d1a96e5d7','dd9c0922-dca7-4459-a6dc-b11ef025d395','numeroTarjeta','71e56645-9d92-4cde-8da4-92c72284dde8',false,true,'Fri May 08 2026 00:27:28 GMT-0500 (hora estándar de Perú)','45d44f02-01e7-4fc6-8b75-03ffc75a67d5','activo');
INSERT INTO tabla_columna (idhomologacion, idtipocargue, idtabla, nombrecolumna, idtipodato, esobligatorio, esfiltro, fecha_creacion, idusuariocrea, estado) VALUES ('14dfcb7f-eb74-4b1a-aa21-b5087961abb7','bc85c74b-4c39-4833-be5c-db3d1a96e5d7','dd9c0922-dca7-4459-a6dc-b11ef025d395','personadatofecha1','b28702c5-22ad-4741-a592-94a9e8d20e90',false,false,'Fri Apr 17 2026 23:59:17 GMT-0500 (hora estándar de Perú)','45d44f02-01e7-4fc6-8b75-03ffc75a67d5','activo');
INSERT INTO tabla_columna (idhomologacion, idtipocargue, idtabla, nombrecolumna, idtipodato, esobligatorio, esfiltro, fecha_creacion, idusuariocrea, estado) VALUES ('d716ed00-a65a-4f13-8202-a2d3dc4c17cc','bc85c74b-4c39-4833-be5c-db3d1a96e5d7','dd9c0922-dca7-4459-a6dc-b11ef025d395','personadatofecha10','b28702c5-22ad-4741-a592-94a9e8d20e90',false,false,'Fri May 08 2026 00:27:36 GMT-0500 (hora estándar de Perú)','45d44f02-01e7-4fc6-8b75-03ffc75a67d5','activo');
INSERT INTO tabla_columna (idhomologacion, idtipocargue, idtabla, nombrecolumna, idtipodato, esobligatorio, esfiltro, fecha_creacion, idusuariocrea, estado) VALUES ('deeddfc5-ada1-400e-94a7-7ce0fe1b7684','bc85c74b-4c39-4833-be5c-db3d1a96e5d7','dd9c0922-dca7-4459-a6dc-b11ef025d395','personadatofecha11','b28702c5-22ad-4741-a592-94a9e8d20e90',false,false,'Fri May 08 2026 00:27:37 GMT-0500 (hora estándar de Perú)','45d44f02-01e7-4fc6-8b75-03ffc75a67d5','activo');
INSERT INTO tabla_columna (idhomologacion, idtipocargue, idtabla, nombrecolumna, idtipodato, esobligatorio, esfiltro, fecha_creacion, idusuariocrea, estado) VALUES ('818182d4-b349-44e8-93ca-62f5d4f7b173','bc85c74b-4c39-4833-be5c-db3d1a96e5d7','dd9c0922-dca7-4459-a6dc-b11ef025d395','personadatofecha12','b28702c5-22ad-4741-a592-94a9e8d20e90',false,false,'Fri May 08 2026 00:27:37 GMT-0500 (hora estándar de Perú)','45d44f02-01e7-4fc6-8b75-03ffc75a67d5','activo');
INSERT INTO tabla_columna (idhomologacion, idtipocargue, idtabla, nombrecolumna, idtipodato, esobligatorio, esfiltro, fecha_creacion, idusuariocrea, estado) VALUES ('c50cd168-f455-408e-9631-0d9fce51783c','bc85c74b-4c39-4833-be5c-db3d1a96e5d7','dd9c0922-dca7-4459-a6dc-b11ef025d395','personadatofecha13','b28702c5-22ad-4741-a592-94a9e8d20e90',false,false,'Fri May 08 2026 00:27:37 GMT-0500 (hora estándar de Perú)','45d44f02-01e7-4fc6-8b75-03ffc75a67d5','activo');
INSERT INTO tabla_columna (idhomologacion, idtipocargue, idtabla, nombrecolumna, idtipodato, esobligatorio, esfiltro, fecha_creacion, idusuariocrea, estado) VALUES ('378a0b9e-4724-49fc-888a-0c6669116247','bc85c74b-4c39-4833-be5c-db3d1a96e5d7','dd9c0922-dca7-4459-a6dc-b11ef025d395','personadatofecha14','b28702c5-22ad-4741-a592-94a9e8d20e90',false,false,'Fri May 08 2026 00:27:37 GMT-0500 (hora estándar de Perú)','45d44f02-01e7-4fc6-8b75-03ffc75a67d5','activo');
INSERT INTO tabla_columna (idhomologacion, idtipocargue, idtabla, nombrecolumna, idtipodato, esobligatorio, esfiltro, fecha_creacion, idusuariocrea, estado) VALUES ('b5e4f9ce-003e-49fd-97da-65565d895467','bc85c74b-4c39-4833-be5c-db3d1a96e5d7','dd9c0922-dca7-4459-a6dc-b11ef025d395','personadatofecha15','b28702c5-22ad-4741-a592-94a9e8d20e90',false,false,'Fri May 08 2026 00:27:37 GMT-0500 (hora estándar de Perú)','45d44f02-01e7-4fc6-8b75-03ffc75a67d5','activo');
INSERT INTO tabla_columna (idhomologacion, idtipocargue, idtabla, nombrecolumna, idtipodato, esobligatorio, esfiltro, fecha_creacion, idusuariocrea, estado) VALUES ('36f9e8a6-0759-40ba-9cfd-19e11490731f','bc85c74b-4c39-4833-be5c-db3d1a96e5d7','dd9c0922-dca7-4459-a6dc-b11ef025d395','personadatofecha2','b28702c5-22ad-4741-a592-94a9e8d20e90',false,false,'Fri Apr 17 2026 23:59:17 GMT-0500 (hora estándar de Perú)','45d44f02-01e7-4fc6-8b75-03ffc75a67d5','activo');
INSERT INTO tabla_columna (idhomologacion, idtipocargue, idtabla, nombrecolumna, idtipodato, esobligatorio, esfiltro, fecha_creacion, idusuariocrea, estado) VALUES ('b2d9ad58-5d50-47b5-9075-9d428694bdda','bc85c74b-4c39-4833-be5c-db3d1a96e5d7','dd9c0922-dca7-4459-a6dc-b11ef025d395','personadatofecha3','b28702c5-22ad-4741-a592-94a9e8d20e90',false,false,'Fri Apr 17 2026 23:59:17 GMT-0500 (hora estándar de Perú)','45d44f02-01e7-4fc6-8b75-03ffc75a67d5','activo');
INSERT INTO tabla_columna (idhomologacion, idtipocargue, idtabla, nombrecolumna, idtipodato, esobligatorio, esfiltro, fecha_creacion, idusuariocrea, estado) VALUES ('9f38900c-81e1-48f3-af72-e7c45e74b2f0','bc85c74b-4c39-4833-be5c-db3d1a96e5d7','dd9c0922-dca7-4459-a6dc-b11ef025d395','personadatofecha4','b28702c5-22ad-4741-a592-94a9e8d20e90',false,false,'Fri Apr 17 2026 23:59:17 GMT-0500 (hora estándar de Perú)','45d44f02-01e7-4fc6-8b75-03ffc75a67d5','activo');
INSERT INTO tabla_columna (idhomologacion, idtipocargue, idtabla, nombrecolumna, idtipodato, esobligatorio, esfiltro, fecha_creacion, idusuariocrea, estado) VALUES ('74d56db8-109d-4de5-b29f-5b2758955bc6','bc85c74b-4c39-4833-be5c-db3d1a96e5d7','dd9c0922-dca7-4459-a6dc-b11ef025d395','personadatofecha5','b28702c5-22ad-4741-a592-94a9e8d20e90',false,false,'Fri Apr 17 2026 23:59:17 GMT-0500 (hora estándar de Perú)','45d44f02-01e7-4fc6-8b75-03ffc75a67d5','activo');
INSERT INTO tabla_columna (idhomologacion, idtipocargue, idtabla, nombrecolumna, idtipodato, esobligatorio, esfiltro, fecha_creacion, idusuariocrea, estado) VALUES ('20daffbc-53f9-4099-82d3-a4ac5001d631','bc85c74b-4c39-4833-be5c-db3d1a96e5d7','dd9c0922-dca7-4459-a6dc-b11ef025d395','personadatofecha6','b28702c5-22ad-4741-a592-94a9e8d20e90',false,false,'Fri May 08 2026 00:27:36 GMT-0500 (hora estándar de Perú)','45d44f02-01e7-4fc6-8b75-03ffc75a67d5','activo');
INSERT INTO tabla_columna (idhomologacion, idtipocargue, idtabla, nombrecolumna, idtipodato, esobligatorio, esfiltro, fecha_creacion, idusuariocrea, estado) VALUES ('a65d712f-d806-40ab-96e4-4e000b4693a8','bc85c74b-4c39-4833-be5c-db3d1a96e5d7','dd9c0922-dca7-4459-a6dc-b11ef025d395','personadatofecha7','b28702c5-22ad-4741-a592-94a9e8d20e90',false,false,'Fri May 08 2026 00:27:36 GMT-0500 (hora estándar de Perú)','45d44f02-01e7-4fc6-8b75-03ffc75a67d5','activo');
INSERT INTO tabla_columna (idhomologacion, idtipocargue, idtabla, nombrecolumna, idtipodato, esobligatorio, esfiltro, fecha_creacion, idusuariocrea, estado) VALUES ('5ca5d502-41fc-4c04-bea6-605822d5a68b','bc85c74b-4c39-4833-be5c-db3d1a96e5d7','dd9c0922-dca7-4459-a6dc-b11ef025d395','personadatofecha8','b28702c5-22ad-4741-a592-94a9e8d20e90',false,false,'Fri May 08 2026 00:27:36 GMT-0500 (hora estándar de Perú)','45d44f02-01e7-4fc6-8b75-03ffc75a67d5','activo');
INSERT INTO tabla_columna (idhomologacion, idtipocargue, idtabla, nombrecolumna, idtipodato, esobligatorio, esfiltro, fecha_creacion, idusuariocrea, estado) VALUES ('16e45eee-182e-44df-b40f-01dc66bace4f','bc85c74b-4c39-4833-be5c-db3d1a96e5d7','dd9c0922-dca7-4459-a6dc-b11ef025d395','personadatofecha9','b28702c5-22ad-4741-a592-94a9e8d20e90',false,false,'Fri May 08 2026 00:27:36 GMT-0500 (hora estándar de Perú)','45d44f02-01e7-4fc6-8b75-03ffc75a67d5','activo');
INSERT INTO tabla_columna (idhomologacion, idtipocargue, idtabla, nombrecolumna, idtipodato, esobligatorio, esfiltro, fecha_creacion, idusuariocrea, estado) VALUES ('77fb2bd7-c9e2-4588-9ea3-c23aeeb8506b','bc85c74b-4c39-4833-be5c-db3d1a96e5d7','dd9c0922-dca7-4459-a6dc-b11ef025d395','personadatonumerico1','4d5eb101-e914-4932-b076-02353dc4d836',false,false,'Fri Apr 17 2026 23:59:17 GMT-0500 (hora estándar de Perú)','45d44f02-01e7-4fc6-8b75-03ffc75a67d5','activo');
INSERT INTO tabla_columna (idhomologacion, idtipocargue, idtabla, nombrecolumna, idtipodato, esobligatorio, esfiltro, fecha_creacion, idusuariocrea, estado) VALUES ('ba06ad1a-2693-4521-b8a2-22914c4d4caa','bc85c74b-4c39-4833-be5c-db3d1a96e5d7','dd9c0922-dca7-4459-a6dc-b11ef025d395','personadatonumerico10','4d5eb101-e914-4932-b076-02353dc4d836',false,false,'Fri May 08 2026 00:27:35 GMT-0500 (hora estándar de Perú)','45d44f02-01e7-4fc6-8b75-03ffc75a67d5','activo');
INSERT INTO tabla_columna (idhomologacion, idtipocargue, idtabla, nombrecolumna, idtipodato, esobligatorio, esfiltro, fecha_creacion, idusuariocrea, estado) VALUES ('8e9bd10f-9d73-4d04-bbbb-670afa296e4f','bc85c74b-4c39-4833-be5c-db3d1a96e5d7','dd9c0922-dca7-4459-a6dc-b11ef025d395','personadatonumerico11','4d5eb101-e914-4932-b076-02353dc4d836',false,false,'Fri May 08 2026 00:27:35 GMT-0500 (hora estándar de Perú)','45d44f02-01e7-4fc6-8b75-03ffc75a67d5','activo');
INSERT INTO tabla_columna (idhomologacion, idtipocargue, idtabla, nombrecolumna, idtipodato, esobligatorio, esfiltro, fecha_creacion, idusuariocrea, estado) VALUES ('272b7beb-3746-4c21-8433-720b332c4baa','bc85c74b-4c39-4833-be5c-db3d1a96e5d7','dd9c0922-dca7-4459-a6dc-b11ef025d395','personadatonumerico12','4d5eb101-e914-4932-b076-02353dc4d836',false,false,'Fri May 08 2026 00:27:35 GMT-0500 (hora estándar de Perú)','45d44f02-01e7-4fc6-8b75-03ffc75a67d5','activo');
INSERT INTO tabla_columna (idhomologacion, idtipocargue, idtabla, nombrecolumna, idtipodato, esobligatorio, esfiltro, fecha_creacion, idusuariocrea, estado) VALUES ('35fba577-a3a0-4778-aa77-3f19c436072f','bc85c74b-4c39-4833-be5c-db3d1a96e5d7','dd9c0922-dca7-4459-a6dc-b11ef025d395','personadatonumerico13','4d5eb101-e914-4932-b076-02353dc4d836',false,false,'Fri May 08 2026 00:27:35 GMT-0500 (hora estándar de Perú)','45d44f02-01e7-4fc6-8b75-03ffc75a67d5','activo');
INSERT INTO tabla_columna (idhomologacion, idtipocargue, idtabla, nombrecolumna, idtipodato, esobligatorio, esfiltro, fecha_creacion, idusuariocrea, estado) VALUES ('4b72bc9f-d2cd-4743-83e6-7326787485cb','bc85c74b-4c39-4833-be5c-db3d1a96e5d7','dd9c0922-dca7-4459-a6dc-b11ef025d395','personadatonumerico14','4d5eb101-e914-4932-b076-02353dc4d836',false,false,'Fri May 08 2026 00:27:36 GMT-0500 (hora estándar de Perú)','45d44f02-01e7-4fc6-8b75-03ffc75a67d5','activo');
INSERT INTO tabla_columna (idhomologacion, idtipocargue, idtabla, nombrecolumna, idtipodato, esobligatorio, esfiltro, fecha_creacion, idusuariocrea, estado) VALUES ('57f60ca8-4b1b-4103-91c3-b1a6ab5ad35b','bc85c74b-4c39-4833-be5c-db3d1a96e5d7','dd9c0922-dca7-4459-a6dc-b11ef025d395','personadatonumerico15','4d5eb101-e914-4932-b076-02353dc4d836',false,false,'Fri May 08 2026 00:27:36 GMT-0500 (hora estándar de Perú)','45d44f02-01e7-4fc6-8b75-03ffc75a67d5','activo');
INSERT INTO tabla_columna (idhomologacion, idtipocargue, idtabla, nombrecolumna, idtipodato, esobligatorio, esfiltro, fecha_creacion, idusuariocrea, estado) VALUES ('998233b5-17f0-416d-920e-e9c979cdf488','bc85c74b-4c39-4833-be5c-db3d1a96e5d7','dd9c0922-dca7-4459-a6dc-b11ef025d395','personadatonumerico2','4d5eb101-e914-4932-b076-02353dc4d836',false,false,'Fri Apr 17 2026 23:59:17 GMT-0500 (hora estándar de Perú)','45d44f02-01e7-4fc6-8b75-03ffc75a67d5','activo');
INSERT INTO tabla_columna (idhomologacion, idtipocargue, idtabla, nombrecolumna, idtipodato, esobligatorio, esfiltro, fecha_creacion, idusuariocrea, estado) VALUES ('d198cc66-dc1c-4f1c-8957-3c3d3345cc4a','bc85c74b-4c39-4833-be5c-db3d1a96e5d7','dd9c0922-dca7-4459-a6dc-b11ef025d395','personadatonumerico3','4d5eb101-e914-4932-b076-02353dc4d836',false,false,'Fri Apr 17 2026 23:59:17 GMT-0500 (hora estándar de Perú)','45d44f02-01e7-4fc6-8b75-03ffc75a67d5','activo');
INSERT INTO tabla_columna (idhomologacion, idtipocargue, idtabla, nombrecolumna, idtipodato, esobligatorio, esfiltro, fecha_creacion, idusuariocrea, estado) VALUES ('bd27d26f-f344-47d8-a8ec-12947635b111','bc85c74b-4c39-4833-be5c-db3d1a96e5d7','dd9c0922-dca7-4459-a6dc-b11ef025d395','personadatonumerico4','4d5eb101-e914-4932-b076-02353dc4d836',false,false,'Fri Apr 17 2026 23:59:17 GMT-0500 (hora estándar de Perú)','45d44f02-01e7-4fc6-8b75-03ffc75a67d5','activo');
INSERT INTO tabla_columna (idhomologacion, idtipocargue, idtabla, nombrecolumna, idtipodato, esobligatorio, esfiltro, fecha_creacion, idusuariocrea, estado) VALUES ('6f23d26f-7c2a-4b02-8049-f6df6855d4f0','bc85c74b-4c39-4833-be5c-db3d1a96e5d7','dd9c0922-dca7-4459-a6dc-b11ef025d395','personadatonumerico5','4d5eb101-e914-4932-b076-02353dc4d836',false,false,'Fri Apr 17 2026 23:59:17 GMT-0500 (hora estándar de Perú)','45d44f02-01e7-4fc6-8b75-03ffc75a67d5','activo');
INSERT INTO tabla_columna (idhomologacion, idtipocargue, idtabla, nombrecolumna, idtipodato, esobligatorio, esfiltro, fecha_creacion, idusuariocrea, estado) VALUES ('c9d379fd-66df-4a39-af88-cf67e09ae655','bc85c74b-4c39-4833-be5c-db3d1a96e5d7','dd9c0922-dca7-4459-a6dc-b11ef025d395','personadatonumerico6','4d5eb101-e914-4932-b076-02353dc4d836',false,false,'Fri May 08 2026 00:27:35 GMT-0500 (hora estándar de Perú)','45d44f02-01e7-4fc6-8b75-03ffc75a67d5','activo');
INSERT INTO tabla_columna (idhomologacion, idtipocargue, idtabla, nombrecolumna, idtipodato, esobligatorio, esfiltro, fecha_creacion, idusuariocrea, estado) VALUES ('368e5025-a9b0-48f9-b9e8-d9e7299ca150','bc85c74b-4c39-4833-be5c-db3d1a96e5d7','dd9c0922-dca7-4459-a6dc-b11ef025d395','personadatonumerico7','4d5eb101-e914-4932-b076-02353dc4d836',false,false,'Fri May 08 2026 00:27:35 GMT-0500 (hora estándar de Perú)','45d44f02-01e7-4fc6-8b75-03ffc75a67d5','activo');
INSERT INTO tabla_columna (idhomologacion, idtipocargue, idtabla, nombrecolumna, idtipodato, esobligatorio, esfiltro, fecha_creacion, idusuariocrea, estado) VALUES ('edf92510-250d-4c1a-a2f2-491b5d111fe7','bc85c74b-4c39-4833-be5c-db3d1a96e5d7','dd9c0922-dca7-4459-a6dc-b11ef025d395','personadatonumerico8','4d5eb101-e914-4932-b076-02353dc4d836',false,false,'Fri May 08 2026 00:27:35 GMT-0500 (hora estándar de Perú)','45d44f02-01e7-4fc6-8b75-03ffc75a67d5','activo');
INSERT INTO tabla_columna (idhomologacion, idtipocargue, idtabla, nombrecolumna, idtipodato, esobligatorio, esfiltro, fecha_creacion, idusuariocrea, estado) VALUES ('3a1a1e3c-9e6f-46ef-9c00-ef1a1233199a','bc85c74b-4c39-4833-be5c-db3d1a96e5d7','dd9c0922-dca7-4459-a6dc-b11ef025d395','personadatonumerico9','4d5eb101-e914-4932-b076-02353dc4d836',false,false,'Fri May 08 2026 00:27:35 GMT-0500 (hora estándar de Perú)','45d44f02-01e7-4fc6-8b75-03ffc75a67d5','activo');
INSERT INTO tabla_columna (idhomologacion, idtipocargue, idtabla, nombrecolumna, idtipodato, esobligatorio, esfiltro, fecha_creacion, idusuariocrea, estado) VALUES ('6e62a83f-9f92-468c-b814-60dba482d5fd','bc85c74b-4c39-4833-be5c-db3d1a96e5d7','dd9c0922-dca7-4459-a6dc-b11ef025d395','personadatotexto1','71e56645-9d92-4cde-8da4-92c72284dde8',false,false,'Fri Apr 17 2026 23:59:17 GMT-0500 (hora estándar de Perú)','45d44f02-01e7-4fc6-8b75-03ffc75a67d5','activo');
INSERT INTO tabla_columna (idhomologacion, idtipocargue, idtabla, nombrecolumna, idtipodato, esobligatorio, esfiltro, fecha_creacion, idusuariocrea, estado) VALUES ('5a103560-2020-4f34-855a-3667e55850c7','bc85c74b-4c39-4833-be5c-db3d1a96e5d7','dd9c0922-dca7-4459-a6dc-b11ef025d395','personadatotexto10','71e56645-9d92-4cde-8da4-92c72284dde8',false,false,'Fri Apr 17 2026 23:59:17 GMT-0500 (hora estándar de Perú)','45d44f02-01e7-4fc6-8b75-03ffc75a67d5','activo');
INSERT INTO tabla_columna (idhomologacion, idtipocargue, idtabla, nombrecolumna, idtipodato, esobligatorio, esfiltro, fecha_creacion, idusuariocrea, estado) VALUES ('1ef644fc-044d-41f7-971d-e3f16b3075d2','bc85c74b-4c39-4833-be5c-db3d1a96e5d7','dd9c0922-dca7-4459-a6dc-b11ef025d395','personadatotexto11','71e56645-9d92-4cde-8da4-92c72284dde8',false,false,'Fri May 08 2026 00:27:29 GMT-0500 (hora estándar de Perú)','45d44f02-01e7-4fc6-8b75-03ffc75a67d5','activo');
INSERT INTO tabla_columna (idhomologacion, idtipocargue, idtabla, nombrecolumna, idtipodato, esobligatorio, esfiltro, fecha_creacion, idusuariocrea, estado) VALUES ('360db7c5-5cc0-41c4-93f9-abffec154a24','bc85c74b-4c39-4833-be5c-db3d1a96e5d7','dd9c0922-dca7-4459-a6dc-b11ef025d395','personadatotexto12','71e56645-9d92-4cde-8da4-92c72284dde8',false,false,'Fri May 08 2026 00:27:29 GMT-0500 (hora estándar de Perú)','45d44f02-01e7-4fc6-8b75-03ffc75a67d5','activo');
INSERT INTO tabla_columna (idhomologacion, idtipocargue, idtabla, nombrecolumna, idtipodato, esobligatorio, esfiltro, fecha_creacion, idusuariocrea, estado) VALUES ('c4e31735-b11f-4a8e-b134-93624198e345','bc85c74b-4c39-4833-be5c-db3d1a96e5d7','dd9c0922-dca7-4459-a6dc-b11ef025d395','personadatotexto13','71e56645-9d92-4cde-8da4-92c72284dde8',false,false,'Fri May 08 2026 00:27:29 GMT-0500 (hora estándar de Perú)','45d44f02-01e7-4fc6-8b75-03ffc75a67d5','activo');
INSERT INTO tabla_columna (idhomologacion, idtipocargue, idtabla, nombrecolumna, idtipodato, esobligatorio, esfiltro, fecha_creacion, idusuariocrea, estado) VALUES ('98aa87d3-aa08-42bb-9d1a-2bcb0aa010cb','bc85c74b-4c39-4833-be5c-db3d1a96e5d7','dd9c0922-dca7-4459-a6dc-b11ef025d395','personadatotexto14','71e56645-9d92-4cde-8da4-92c72284dde8',false,false,'Fri May 08 2026 00:27:29 GMT-0500 (hora estándar de Perú)','45d44f02-01e7-4fc6-8b75-03ffc75a67d5','activo');
INSERT INTO tabla_columna (idhomologacion, idtipocargue, idtabla, nombrecolumna, idtipodato, esobligatorio, esfiltro, fecha_creacion, idusuariocrea, estado) VALUES ('f4e475a4-25de-459a-bd60-feffe4fd27f8','bc85c74b-4c39-4833-be5c-db3d1a96e5d7','dd9c0922-dca7-4459-a6dc-b11ef025d395','personadatotexto15','71e56645-9d92-4cde-8da4-92c72284dde8',false,false,'Fri May 08 2026 00:27:30 GMT-0500 (hora estándar de Perú)','45d44f02-01e7-4fc6-8b75-03ffc75a67d5','activo');
INSERT INTO tabla_columna (idhomologacion, idtipocargue, idtabla, nombrecolumna, idtipodato, esobligatorio, esfiltro, fecha_creacion, idusuariocrea, estado) VALUES ('e533bd65-6daa-4618-b463-b1aac3d7088d','bc85c74b-4c39-4833-be5c-db3d1a96e5d7','dd9c0922-dca7-4459-a6dc-b11ef025d395','personadatotexto16','71e56645-9d92-4cde-8da4-92c72284dde8',false,false,'Fri May 08 2026 00:27:30 GMT-0500 (hora estándar de Perú)','45d44f02-01e7-4fc6-8b75-03ffc75a67d5','activo');
INSERT INTO tabla_columna (idhomologacion, idtipocargue, idtabla, nombrecolumna, idtipodato, esobligatorio, esfiltro, fecha_creacion, idusuariocrea, estado) VALUES ('881960ea-f492-4065-922e-4b7495990d43','bc85c74b-4c39-4833-be5c-db3d1a96e5d7','dd9c0922-dca7-4459-a6dc-b11ef025d395','personadatotexto17','71e56645-9d92-4cde-8da4-92c72284dde8',false,false,'Fri May 08 2026 00:27:30 GMT-0500 (hora estándar de Perú)','45d44f02-01e7-4fc6-8b75-03ffc75a67d5','activo');
INSERT INTO tabla_columna (idhomologacion, idtipocargue, idtabla, nombrecolumna, idtipodato, esobligatorio, esfiltro, fecha_creacion, idusuariocrea, estado) VALUES ('1f9b1cec-52ba-4a8c-8034-feea68e29036','bc85c74b-4c39-4833-be5c-db3d1a96e5d7','dd9c0922-dca7-4459-a6dc-b11ef025d395','personadatotexto18','71e56645-9d92-4cde-8da4-92c72284dde8',false,false,'Fri May 08 2026 00:27:30 GMT-0500 (hora estándar de Perú)','45d44f02-01e7-4fc6-8b75-03ffc75a67d5','activo');
INSERT INTO tabla_columna (idhomologacion, idtipocargue, idtabla, nombrecolumna, idtipodato, esobligatorio, esfiltro, fecha_creacion, idusuariocrea, estado) VALUES ('bfc5c170-86c6-4c82-a404-f705c127f537','bc85c74b-4c39-4833-be5c-db3d1a96e5d7','dd9c0922-dca7-4459-a6dc-b11ef025d395','personadatotexto19','71e56645-9d92-4cde-8da4-92c72284dde8',false,false,'Fri May 08 2026 00:27:30 GMT-0500 (hora estándar de Perú)','45d44f02-01e7-4fc6-8b75-03ffc75a67d5','activo');
INSERT INTO tabla_columna (idhomologacion, idtipocargue, idtabla, nombrecolumna, idtipodato, esobligatorio, esfiltro, fecha_creacion, idusuariocrea, estado) VALUES ('c3c7c81a-9ebd-4eb3-8173-e381a35341fc','bc85c74b-4c39-4833-be5c-db3d1a96e5d7','dd9c0922-dca7-4459-a6dc-b11ef025d395','personadatotexto2','71e56645-9d92-4cde-8da4-92c72284dde8',false,false,'Fri Apr 17 2026 23:59:17 GMT-0500 (hora estándar de Perú)','45d44f02-01e7-4fc6-8b75-03ffc75a67d5','activo');
INSERT INTO tabla_columna (idhomologacion, idtipocargue, idtabla, nombrecolumna, idtipodato, esobligatorio, esfiltro, fecha_creacion, idusuariocrea, estado) VALUES ('5f75e24e-4d87-4714-826d-7ac3fce33f7b','bc85c74b-4c39-4833-be5c-db3d1a96e5d7','dd9c0922-dca7-4459-a6dc-b11ef025d395','personadatotexto20','71e56645-9d92-4cde-8da4-92c72284dde8',false,false,'Fri May 08 2026 00:27:30 GMT-0500 (hora estándar de Perú)','45d44f02-01e7-4fc6-8b75-03ffc75a67d5','activo');
INSERT INTO tabla_columna (idhomologacion, idtipocargue, idtabla, nombrecolumna, idtipodato, esobligatorio, esfiltro, fecha_creacion, idusuariocrea, estado) VALUES ('d2c2c936-ba22-4116-bc49-bd3099dd8dfc','bc85c74b-4c39-4833-be5c-db3d1a96e5d7','dd9c0922-dca7-4459-a6dc-b11ef025d395','personadatotexto21','71e56645-9d92-4cde-8da4-92c72284dde8',false,false,'Fri May 08 2026 00:27:30 GMT-0500 (hora estándar de Perú)','45d44f02-01e7-4fc6-8b75-03ffc75a67d5','activo');
INSERT INTO tabla_columna (idhomologacion, idtipocargue, idtabla, nombrecolumna, idtipodato, esobligatorio, esfiltro, fecha_creacion, idusuariocrea, estado) VALUES ('5c4d8d71-ebcf-4df1-a2ae-f352b9df23ca','bc85c74b-4c39-4833-be5c-db3d1a96e5d7','dd9c0922-dca7-4459-a6dc-b11ef025d395','personadatotexto22','71e56645-9d92-4cde-8da4-92c72284dde8',false,false,'Fri May 08 2026 00:27:30 GMT-0500 (hora estándar de Perú)','45d44f02-01e7-4fc6-8b75-03ffc75a67d5','activo');
INSERT INTO tabla_columna (idhomologacion, idtipocargue, idtabla, nombrecolumna, idtipodato, esobligatorio, esfiltro, fecha_creacion, idusuariocrea, estado) VALUES ('9ccb798c-2030-492c-9292-fad28c4d34cf','bc85c74b-4c39-4833-be5c-db3d1a96e5d7','dd9c0922-dca7-4459-a6dc-b11ef025d395','personadatotexto23','71e56645-9d92-4cde-8da4-92c72284dde8',false,false,'Fri May 08 2026 00:27:31 GMT-0500 (hora estándar de Perú)','45d44f02-01e7-4fc6-8b75-03ffc75a67d5','activo');
INSERT INTO tabla_columna (idhomologacion, idtipocargue, idtabla, nombrecolumna, idtipodato, esobligatorio, esfiltro, fecha_creacion, idusuariocrea, estado) VALUES ('7b0536ab-ebb3-44bb-95a3-770a6a17d78c','bc85c74b-4c39-4833-be5c-db3d1a96e5d7','dd9c0922-dca7-4459-a6dc-b11ef025d395','personadatotexto24','71e56645-9d92-4cde-8da4-92c72284dde8',false,false,'Fri May 08 2026 00:27:31 GMT-0500 (hora estándar de Perú)','45d44f02-01e7-4fc6-8b75-03ffc75a67d5','activo');
INSERT INTO tabla_columna (idhomologacion, idtipocargue, idtabla, nombrecolumna, idtipodato, esobligatorio, esfiltro, fecha_creacion, idusuariocrea, estado) VALUES ('5863c9af-c726-4a36-aa71-1117c9f5316c','bc85c74b-4c39-4833-be5c-db3d1a96e5d7','dd9c0922-dca7-4459-a6dc-b11ef025d395','personadatotexto25','71e56645-9d92-4cde-8da4-92c72284dde8',false,false,'Fri May 08 2026 00:27:31 GMT-0500 (hora estándar de Perú)','45d44f02-01e7-4fc6-8b75-03ffc75a67d5','activo');
INSERT INTO tabla_columna (idhomologacion, idtipocargue, idtabla, nombrecolumna, idtipodato, esobligatorio, esfiltro, fecha_creacion, idusuariocrea, estado) VALUES ('69f6be12-346b-49f5-8b25-6f50aada3a4a','bc85c74b-4c39-4833-be5c-db3d1a96e5d7','dd9c0922-dca7-4459-a6dc-b11ef025d395','personadatotexto26','71e56645-9d92-4cde-8da4-92c72284dde8',false,false,'Fri May 08 2026 00:27:31 GMT-0500 (hora estándar de Perú)','45d44f02-01e7-4fc6-8b75-03ffc75a67d5','activo');
INSERT INTO tabla_columna (idhomologacion, idtipocargue, idtabla, nombrecolumna, idtipodato, esobligatorio, esfiltro, fecha_creacion, idusuariocrea, estado) VALUES ('f2dce83a-6882-439e-995e-b1d073d661f3','bc85c74b-4c39-4833-be5c-db3d1a96e5d7','dd9c0922-dca7-4459-a6dc-b11ef025d395','personadatotexto27','71e56645-9d92-4cde-8da4-92c72284dde8',false,false,'Fri May 08 2026 00:27:31 GMT-0500 (hora estándar de Perú)','45d44f02-01e7-4fc6-8b75-03ffc75a67d5','activo');
INSERT INTO tabla_columna (idhomologacion, idtipocargue, idtabla, nombrecolumna, idtipodato, esobligatorio, esfiltro, fecha_creacion, idusuariocrea, estado) VALUES ('13ff6509-27e3-4c25-9678-ec797264e618','bc85c74b-4c39-4833-be5c-db3d1a96e5d7','dd9c0922-dca7-4459-a6dc-b11ef025d395','personadatotexto28','71e56645-9d92-4cde-8da4-92c72284dde8',false,false,'Fri May 08 2026 00:27:31 GMT-0500 (hora estándar de Perú)','45d44f02-01e7-4fc6-8b75-03ffc75a67d5','activo');
INSERT INTO tabla_columna (idhomologacion, idtipocargue, idtabla, nombrecolumna, idtipodato, esobligatorio, esfiltro, fecha_creacion, idusuariocrea, estado) VALUES ('7330c145-b677-4bb8-848d-3f68d323a2b6','bc85c74b-4c39-4833-be5c-db3d1a96e5d7','dd9c0922-dca7-4459-a6dc-b11ef025d395','personadatotexto29','71e56645-9d92-4cde-8da4-92c72284dde8',false,false,'Fri May 08 2026 00:27:31 GMT-0500 (hora estándar de Perú)','45d44f02-01e7-4fc6-8b75-03ffc75a67d5','activo');
INSERT INTO tabla_columna (idhomologacion, idtipocargue, idtabla, nombrecolumna, idtipodato, esobligatorio, esfiltro, fecha_creacion, idusuariocrea, estado) VALUES ('e4ccca78-1883-45b3-a4b7-bb640a84d72b','bc85c74b-4c39-4833-be5c-db3d1a96e5d7','dd9c0922-dca7-4459-a6dc-b11ef025d395','personadatotexto3','71e56645-9d92-4cde-8da4-92c72284dde8',false,false,'Fri Apr 17 2026 23:59:17 GMT-0500 (hora estándar de Perú)','45d44f02-01e7-4fc6-8b75-03ffc75a67d5','activo');
INSERT INTO tabla_columna (idhomologacion, idtipocargue, idtabla, nombrecolumna, idtipodato, esobligatorio, esfiltro, fecha_creacion, idusuariocrea, estado) VALUES ('fe4fc8a1-57d1-4da2-8603-563bee722db1','bc85c74b-4c39-4833-be5c-db3d1a96e5d7','dd9c0922-dca7-4459-a6dc-b11ef025d395','personadatotexto30','71e56645-9d92-4cde-8da4-92c72284dde8',false,false,'Fri May 08 2026 00:27:32 GMT-0500 (hora estándar de Perú)','45d44f02-01e7-4fc6-8b75-03ffc75a67d5','activo');
INSERT INTO tabla_columna (idhomologacion, idtipocargue, idtabla, nombrecolumna, idtipodato, esobligatorio, esfiltro, fecha_creacion, idusuariocrea, estado) VALUES ('259123d3-1ede-4180-acfc-0630ec8263dd','bc85c74b-4c39-4833-be5c-db3d1a96e5d7','dd9c0922-dca7-4459-a6dc-b11ef025d395','personadatotexto31','71e56645-9d92-4cde-8da4-92c72284dde8',false,false,'Fri May 08 2026 00:27:32 GMT-0500 (hora estándar de Perú)','45d44f02-01e7-4fc6-8b75-03ffc75a67d5','activo');
INSERT INTO tabla_columna (idhomologacion, idtipocargue, idtabla, nombrecolumna, idtipodato, esobligatorio, esfiltro, fecha_creacion, idusuariocrea, estado) VALUES ('c210711c-e09a-4ef0-bef2-602b4d7f844c','bc85c74b-4c39-4833-be5c-db3d1a96e5d7','dd9c0922-dca7-4459-a6dc-b11ef025d395','personadatotexto32','71e56645-9d92-4cde-8da4-92c72284dde8',false,false,'Fri May 08 2026 00:27:32 GMT-0500 (hora estándar de Perú)','45d44f02-01e7-4fc6-8b75-03ffc75a67d5','activo');
INSERT INTO tabla_columna (idhomologacion, idtipocargue, idtabla, nombrecolumna, idtipodato, esobligatorio, esfiltro, fecha_creacion, idusuariocrea, estado) VALUES ('dbe4490d-fc52-4d49-9ac5-862d2481041c','bc85c74b-4c39-4833-be5c-db3d1a96e5d7','dd9c0922-dca7-4459-a6dc-b11ef025d395','personadatotexto33','71e56645-9d92-4cde-8da4-92c72284dde8',false,false,'Fri May 08 2026 00:27:32 GMT-0500 (hora estándar de Perú)','45d44f02-01e7-4fc6-8b75-03ffc75a67d5','activo');
INSERT INTO tabla_columna (idhomologacion, idtipocargue, idtabla, nombrecolumna, idtipodato, esobligatorio, esfiltro, fecha_creacion, idusuariocrea, estado) VALUES ('ade70eac-65bc-4287-8320-6fa0ee8c1b64','bc85c74b-4c39-4833-be5c-db3d1a96e5d7','dd9c0922-dca7-4459-a6dc-b11ef025d395','personadatotexto34','71e56645-9d92-4cde-8da4-92c72284dde8',false,false,'Fri May 08 2026 00:27:32 GMT-0500 (hora estándar de Perú)','45d44f02-01e7-4fc6-8b75-03ffc75a67d5','activo');
INSERT INTO tabla_columna (idhomologacion, idtipocargue, idtabla, nombrecolumna, idtipodato, esobligatorio, esfiltro, fecha_creacion, idusuariocrea, estado) VALUES ('96dbbafd-e7b2-4dbe-8071-1618d3cce6c3','bc85c74b-4c39-4833-be5c-db3d1a96e5d7','dd9c0922-dca7-4459-a6dc-b11ef025d395','personadatotexto35','71e56645-9d92-4cde-8da4-92c72284dde8',false,false,'Fri May 08 2026 00:27:32 GMT-0500 (hora estándar de Perú)','45d44f02-01e7-4fc6-8b75-03ffc75a67d5','activo');
INSERT INTO tabla_columna (idhomologacion, idtipocargue, idtabla, nombrecolumna, idtipodato, esobligatorio, esfiltro, fecha_creacion, idusuariocrea, estado) VALUES ('ace29319-cc50-44a3-a333-6f3bb8acc555','bc85c74b-4c39-4833-be5c-db3d1a96e5d7','dd9c0922-dca7-4459-a6dc-b11ef025d395','personadatotexto36','71e56645-9d92-4cde-8da4-92c72284dde8',false,false,'Fri May 08 2026 00:27:32 GMT-0500 (hora estándar de Perú)','45d44f02-01e7-4fc6-8b75-03ffc75a67d5','activo');
INSERT INTO tabla_columna (idhomologacion, idtipocargue, idtabla, nombrecolumna, idtipodato, esobligatorio, esfiltro, fecha_creacion, idusuariocrea, estado) VALUES ('208326e0-a3b0-425f-a64c-97a475796a27','bc85c74b-4c39-4833-be5c-db3d1a96e5d7','dd9c0922-dca7-4459-a6dc-b11ef025d395','personadatotexto37','71e56645-9d92-4cde-8da4-92c72284dde8',false,false,'Fri May 08 2026 00:27:33 GMT-0500 (hora estándar de Perú)','45d44f02-01e7-4fc6-8b75-03ffc75a67d5','activo');
INSERT INTO tabla_columna (idhomologacion, idtipocargue, idtabla, nombrecolumna, idtipodato, esobligatorio, esfiltro, fecha_creacion, idusuariocrea, estado) VALUES ('22d1de9a-a9c4-4a4a-a2ab-f721fb13a14d','bc85c74b-4c39-4833-be5c-db3d1a96e5d7','dd9c0922-dca7-4459-a6dc-b11ef025d395','personadatotexto38','71e56645-9d92-4cde-8da4-92c72284dde8',false,false,'Fri May 08 2026 00:27:33 GMT-0500 (hora estándar de Perú)','45d44f02-01e7-4fc6-8b75-03ffc75a67d5','activo');
INSERT INTO tabla_columna (idhomologacion, idtipocargue, idtabla, nombrecolumna, idtipodato, esobligatorio, esfiltro, fecha_creacion, idusuariocrea, estado) VALUES ('cb8199dc-ad51-4b72-b0b0-a753c51f5b2f','bc85c74b-4c39-4833-be5c-db3d1a96e5d7','dd9c0922-dca7-4459-a6dc-b11ef025d395','personadatotexto39','71e56645-9d92-4cde-8da4-92c72284dde8',false,false,'Fri May 08 2026 00:27:33 GMT-0500 (hora estándar de Perú)','45d44f02-01e7-4fc6-8b75-03ffc75a67d5','activo');
INSERT INTO tabla_columna (idhomologacion, idtipocargue, idtabla, nombrecolumna, idtipodato, esobligatorio, esfiltro, fecha_creacion, idusuariocrea, estado) VALUES ('ecf90570-8f67-4544-8c06-87c0c5d0f244','bc85c74b-4c39-4833-be5c-db3d1a96e5d7','dd9c0922-dca7-4459-a6dc-b11ef025d395','personadatotexto4','71e56645-9d92-4cde-8da4-92c72284dde8',false,false,'Fri Apr 17 2026 23:59:17 GMT-0500 (hora estándar de Perú)','45d44f02-01e7-4fc6-8b75-03ffc75a67d5','activo');
INSERT INTO tabla_columna (idhomologacion, idtipocargue, idtabla, nombrecolumna, idtipodato, esobligatorio, esfiltro, fecha_creacion, idusuariocrea, estado) VALUES ('ad81719d-fff7-4a8d-824d-e68019fd76ae','bc85c74b-4c39-4833-be5c-db3d1a96e5d7','dd9c0922-dca7-4459-a6dc-b11ef025d395','personadatotexto40','71e56645-9d92-4cde-8da4-92c72284dde8',false,false,'Fri May 08 2026 00:27:33 GMT-0500 (hora estándar de Perú)','45d44f02-01e7-4fc6-8b75-03ffc75a67d5','activo');
INSERT INTO tabla_columna (idhomologacion, idtipocargue, idtabla, nombrecolumna, idtipodato, esobligatorio, esfiltro, fecha_creacion, idusuariocrea, estado) VALUES ('ea73a8cf-d92d-45b7-a280-d4f03afa05d0','bc85c74b-4c39-4833-be5c-db3d1a96e5d7','dd9c0922-dca7-4459-a6dc-b11ef025d395','personadatotexto41','71e56645-9d92-4cde-8da4-92c72284dde8',false,false,'Fri May 08 2026 00:27:33 GMT-0500 (hora estándar de Perú)','45d44f02-01e7-4fc6-8b75-03ffc75a67d5','activo');
INSERT INTO tabla_columna (idhomologacion, idtipocargue, idtabla, nombrecolumna, idtipodato, esobligatorio, esfiltro, fecha_creacion, idusuariocrea, estado) VALUES ('a0b4ea42-7c5a-4028-805c-543ba23dfc99','bc85c74b-4c39-4833-be5c-db3d1a96e5d7','dd9c0922-dca7-4459-a6dc-b11ef025d395','personadatotexto42','71e56645-9d92-4cde-8da4-92c72284dde8',false,false,'Fri May 08 2026 00:27:33 GMT-0500 (hora estándar de Perú)','45d44f02-01e7-4fc6-8b75-03ffc75a67d5','activo');
INSERT INTO tabla_columna (idhomologacion, idtipocargue, idtabla, nombrecolumna, idtipodato, esobligatorio, esfiltro, fecha_creacion, idusuariocrea, estado) VALUES ('f7af54bd-799d-4f3a-962f-0bf31aa4d3d0','bc85c74b-4c39-4833-be5c-db3d1a96e5d7','dd9c0922-dca7-4459-a6dc-b11ef025d395','personadatotexto43','71e56645-9d92-4cde-8da4-92c72284dde8',false,false,'Fri May 08 2026 00:27:33 GMT-0500 (hora estándar de Perú)','45d44f02-01e7-4fc6-8b75-03ffc75a67d5','activo');
INSERT INTO tabla_columna (idhomologacion, idtipocargue, idtabla, nombrecolumna, idtipodato, esobligatorio, esfiltro, fecha_creacion, idusuariocrea, estado) VALUES ('32ffa964-5e2e-479e-978d-d384c62c8c21','bc85c74b-4c39-4833-be5c-db3d1a96e5d7','dd9c0922-dca7-4459-a6dc-b11ef025d395','personadatotexto44','71e56645-9d92-4cde-8da4-92c72284dde8',false,false,'Fri May 08 2026 00:27:34 GMT-0500 (hora estándar de Perú)','45d44f02-01e7-4fc6-8b75-03ffc75a67d5','activo');
INSERT INTO tabla_columna (idhomologacion, idtipocargue, idtabla, nombrecolumna, idtipodato, esobligatorio, esfiltro, fecha_creacion, idusuariocrea, estado) VALUES ('8e4be9e4-f703-4abd-804a-1a420b4a458e','bc85c74b-4c39-4833-be5c-db3d1a96e5d7','dd9c0922-dca7-4459-a6dc-b11ef025d395','personadatotexto45','71e56645-9d92-4cde-8da4-92c72284dde8',false,false,'Fri May 08 2026 00:27:34 GMT-0500 (hora estándar de Perú)','45d44f02-01e7-4fc6-8b75-03ffc75a67d5','activo');
INSERT INTO tabla_columna (idhomologacion, idtipocargue, idtabla, nombrecolumna, idtipodato, esobligatorio, esfiltro, fecha_creacion, idusuariocrea, estado) VALUES ('c61a43fe-2373-4ee1-b754-5fc1b7ada661','bc85c74b-4c39-4833-be5c-db3d1a96e5d7','dd9c0922-dca7-4459-a6dc-b11ef025d395','personadatotexto46','71e56645-9d92-4cde-8da4-92c72284dde8',false,false,'Fri May 08 2026 00:27:34 GMT-0500 (hora estándar de Perú)','45d44f02-01e7-4fc6-8b75-03ffc75a67d5','activo');
INSERT INTO tabla_columna (idhomologacion, idtipocargue, idtabla, nombrecolumna, idtipodato, esobligatorio, esfiltro, fecha_creacion, idusuariocrea, estado) VALUES ('37701050-97dd-4ae6-a32c-fd79cfb120b4','bc85c74b-4c39-4833-be5c-db3d1a96e5d7','dd9c0922-dca7-4459-a6dc-b11ef025d395','personadatotexto47','71e56645-9d92-4cde-8da4-92c72284dde8',false,false,'Fri May 08 2026 00:27:34 GMT-0500 (hora estándar de Perú)','45d44f02-01e7-4fc6-8b75-03ffc75a67d5','activo');
INSERT INTO tabla_columna (idhomologacion, idtipocargue, idtabla, nombrecolumna, idtipodato, esobligatorio, esfiltro, fecha_creacion, idusuariocrea, estado) VALUES ('6d9aa542-943d-49b3-8b80-98e763e03334','bc85c74b-4c39-4833-be5c-db3d1a96e5d7','dd9c0922-dca7-4459-a6dc-b11ef025d395','personadatotexto48','71e56645-9d92-4cde-8da4-92c72284dde8',false,false,'Fri May 08 2026 00:27:34 GMT-0500 (hora estándar de Perú)','45d44f02-01e7-4fc6-8b75-03ffc75a67d5','activo');
INSERT INTO tabla_columna (idhomologacion, idtipocargue, idtabla, nombrecolumna, idtipodato, esobligatorio, esfiltro, fecha_creacion, idusuariocrea, estado) VALUES ('104af53d-4554-4f85-90b8-832bba237fa4','bc85c74b-4c39-4833-be5c-db3d1a96e5d7','dd9c0922-dca7-4459-a6dc-b11ef025d395','personadatotexto49','71e56645-9d92-4cde-8da4-92c72284dde8',false,false,'Fri May 08 2026 00:27:34 GMT-0500 (hora estándar de Perú)','45d44f02-01e7-4fc6-8b75-03ffc75a67d5','activo');
INSERT INTO tabla_columna (idhomologacion, idtipocargue, idtabla, nombrecolumna, idtipodato, esobligatorio, esfiltro, fecha_creacion, idusuariocrea, estado) VALUES ('388a3924-abeb-4024-bea1-40884aa572b2','bc85c74b-4c39-4833-be5c-db3d1a96e5d7','dd9c0922-dca7-4459-a6dc-b11ef025d395','personadatotexto5','71e56645-9d92-4cde-8da4-92c72284dde8',false,false,'Fri Apr 17 2026 23:59:17 GMT-0500 (hora estándar de Perú)','45d44f02-01e7-4fc6-8b75-03ffc75a67d5','activo');
INSERT INTO tabla_columna (idhomologacion, idtipocargue, idtabla, nombrecolumna, idtipodato, esobligatorio, esfiltro, fecha_creacion, idusuariocrea, estado) VALUES ('bd7320e6-ddfe-4dfa-85f4-934e2ef66a2a','bc85c74b-4c39-4833-be5c-db3d1a96e5d7','dd9c0922-dca7-4459-a6dc-b11ef025d395','personadatotexto50','71e56645-9d92-4cde-8da4-92c72284dde8',false,false,'Fri May 08 2026 00:27:34 GMT-0500 (hora estándar de Perú)','45d44f02-01e7-4fc6-8b75-03ffc75a67d5','activo');
INSERT INTO tabla_columna (idhomologacion, idtipocargue, idtabla, nombrecolumna, idtipodato, esobligatorio, esfiltro, fecha_creacion, idusuariocrea, estado) VALUES ('59affca5-5b46-4c90-b196-902bae0a9ab2','bc85c74b-4c39-4833-be5c-db3d1a96e5d7','dd9c0922-dca7-4459-a6dc-b11ef025d395','personadatotexto6','71e56645-9d92-4cde-8da4-92c72284dde8',false,false,'Fri Apr 17 2026 23:59:17 GMT-0500 (hora estándar de Perú)','45d44f02-01e7-4fc6-8b75-03ffc75a67d5','activo');
INSERT INTO tabla_columna (idhomologacion, idtipocargue, idtabla, nombrecolumna, idtipodato, esobligatorio, esfiltro, fecha_creacion, idusuariocrea, estado) VALUES ('87b6a0db-cb44-4867-82ab-0d67ee99ead4','bc85c74b-4c39-4833-be5c-db3d1a96e5d7','dd9c0922-dca7-4459-a6dc-b11ef025d395','personadatotexto7','71e56645-9d92-4cde-8da4-92c72284dde8',false,false,'Fri Apr 17 2026 23:59:17 GMT-0500 (hora estándar de Perú)','45d44f02-01e7-4fc6-8b75-03ffc75a67d5','activo');
INSERT INTO tabla_columna (idhomologacion, idtipocargue, idtabla, nombrecolumna, idtipodato, esobligatorio, esfiltro, fecha_creacion, idusuariocrea, estado) VALUES ('d4f5f5fc-8e1b-4bbc-a26a-2e12e7c89e9e','bc85c74b-4c39-4833-be5c-db3d1a96e5d7','dd9c0922-dca7-4459-a6dc-b11ef025d395','personadatotexto8','71e56645-9d92-4cde-8da4-92c72284dde8',false,false,'Fri Apr 17 2026 23:59:17 GMT-0500 (hora estándar de Perú)','45d44f02-01e7-4fc6-8b75-03ffc75a67d5','activo');
INSERT INTO tabla_columna (idhomologacion, idtipocargue, idtabla, nombrecolumna, idtipodato, esobligatorio, esfiltro, fecha_creacion, idusuariocrea, estado) VALUES ('d498bf1c-5ccc-4229-b876-2e0b4b20e8bc','bc85c74b-4c39-4833-be5c-db3d1a96e5d7','dd9c0922-dca7-4459-a6dc-b11ef025d395','personadatotexto9','71e56645-9d92-4cde-8da4-92c72284dde8',false,false,'Fri Apr 17 2026 23:59:17 GMT-0500 (hora estándar de Perú)','45d44f02-01e7-4fc6-8b75-03ffc75a67d5','activo');
INSERT INTO tabla_columna (idhomologacion, idtipocargue, idtabla, nombrecolumna, idtipodato, esobligatorio, esfiltro, fecha_creacion, idusuariocrea, estado) VALUES ('e88543fd-0e3e-432a-ba47-afea7842eaac','bc85c74b-4c39-4833-be5c-db3d1a96e5d7','dd9c0922-dca7-4459-a6dc-b11ef025d395','producto','71e56645-9d92-4cde-8da4-92c72284dde8',false,true,'Fri May 08 2026 00:27:28 GMT-0500 (hora estándar de Perú)','45d44f02-01e7-4fc6-8b75-03ffc75a67d5','activo');
INSERT INTO tabla_columna (idhomologacion, idtipocargue, idtabla, nombrecolumna, idtipodato, esobligatorio, esfiltro, fecha_creacion, idusuariocrea, estado) VALUES ('3556d303-8436-4ee3-aa0f-383e633e945d','bc85c74b-4c39-4833-be5c-db3d1a96e5d7','dd9c0922-dca7-4459-a6dc-b11ef025d395','profesion','71e56645-9d92-4cde-8da4-92c72284dde8',false,true,'Fri Apr 17 2026 23:59:17 GMT-0500 (hora estándar de Perú)','45d44f02-01e7-4fc6-8b75-03ffc75a67d5','activo');
INSERT INTO tabla_columna (idhomologacion, idtipocargue, idtabla, nombrecolumna, idtipodato, esobligatorio, esfiltro, fecha_creacion, idusuariocrea, estado) VALUES ('72fabdb8-b9f9-4893-919b-16661d6a342d','bc85c74b-4c39-4833-be5c-db3d1a96e5d7','dd9c0922-dca7-4459-a6dc-b11ef025d395','provincia','71e56645-9d92-4cde-8da4-92c72284dde8',false,false,'Fri Apr 17 2026 23:59:17 GMT-0500 (hora estándar de Perú)','45d44f02-01e7-4fc6-8b75-03ffc75a67d5','activo');
INSERT INTO tabla_columna (idhomologacion, idtipocargue, idtabla, nombrecolumna, idtipodato, esobligatorio, esfiltro, fecha_creacion, idusuariocrea, estado) VALUES ('a8d9f96d-4f75-4313-b884-69b9c583ba4c','bc85c74b-4c39-4833-be5c-db3d1a96e5d7','dd9c0922-dca7-4459-a6dc-b11ef025d395','subproducto','71e56645-9d92-4cde-8da4-92c72284dde8',false,false,'Fri May 08 2026 00:27:28 GMT-0500 (hora estándar de Perú)','45d44f02-01e7-4fc6-8b75-03ffc75a67d5','activo');
INSERT INTO tabla_columna (idhomologacion, idtipocargue, idtabla, nombrecolumna, idtipodato, esobligatorio, esfiltro, fecha_creacion, idusuariocrea, estado) VALUES ('db2a512c-0e07-4105-bcef-998299c141c1','bc85c74b-4c39-4833-be5c-db3d1a96e5d7','dd9c0922-dca7-4459-a6dc-b11ef025d395','sueldo','4d5eb101-e914-4932-b076-02353dc4d836',false,false,'Fri Apr 17 2026 23:59:17 GMT-0500 (hora estándar de Perú)','45d44f02-01e7-4fc6-8b75-03ffc75a67d5','activo');
INSERT INTO tabla_columna (idhomologacion, idtipocargue, idtabla, nombrecolumna, idtipodato, esobligatorio, esfiltro, fecha_creacion, idusuariocrea, estado) VALUES ('c11e9fa2-0738-45f9-aaa1-e1222e83fb48','bc85c74b-4c39-4833-be5c-db3d1a96e5d7','dd9c0922-dca7-4459-a6dc-b11ef025d395','tipoDocumento','71e56645-9d92-4cde-8da4-92c72284dde8',false,true,'Fri Apr 17 2026 23:59:17 GMT-0500 (hora estándar de Perú)','45d44f02-01e7-4fc6-8b75-03ffc75a67d5','activo');
-- producto_homologacion (103 rows)
INSERT INTO producto_homologacion (idproducto, idhomologacion, idtipocargue, idtabla, nombrecolumna, tipodato, obligatorio, filtro, nombrecampoorigen, nombrealiasorigen, fecha_creacion, idusuariocrea, fechamodificacion, idusuariomod, estado) VALUES ('bb6162f9-1512-4d3c-abcc-10ced4ea9b54','c0eb3ecf-5079-404e-a530-932d168156b5','bc85c74b-4c39-4833-be5c-db3d1a96e5d7','dd9c0922-dca7-4459-a6dc-b11ef025d395','Interes','4d5eb101-e914-4932-b076-02353dc4d836',false,false,NULL,NULL,'Sun May 10 2026 22:42:04 GMT-0500 (hora estándar de Perú)','45d44f02-01e7-4fc6-8b75-03ffc75a67d5','Sun May 10 2026 22:44:13 GMT-0500 (hora estándar de Perú)','45d44f02-01e7-4fc6-8b75-03ffc75a67d5','inactivo');
INSERT INTO producto_homologacion (idproducto, idhomologacion, idtipocargue, idtabla, nombrecolumna, tipodato, obligatorio, filtro, nombrecampoorigen, nombrealiasorigen, fecha_creacion, idusuariocrea, fechamodificacion, idusuariomod, estado) VALUES ('bb6162f9-1512-4d3c-abcc-10ced4ea9b54','1fa01b38-cf99-4e62-9886-5d0b4a78eb31','bc85c74b-4c39-4833-be5c-db3d1a96e5d7','dd9c0922-dca7-4459-a6dc-b11ef025d395','apellido','71e56645-9d92-4cde-8da4-92c72284dde8',false,false,NULL,NULL,'Sun May 10 2026 22:42:04 GMT-0500 (hora estándar de Perú)','45d44f02-01e7-4fc6-8b75-03ffc75a67d5','Sun May 10 2026 22:44:15 GMT-0500 (hora estándar de Perú)','45d44f02-01e7-4fc6-8b75-03ffc75a67d5','inactivo');
INSERT INTO producto_homologacion (idproducto, idhomologacion, idtipocargue, idtabla, nombrecolumna, tipodato, obligatorio, filtro, nombrecampoorigen, nombrealiasorigen, fecha_creacion, idusuariocrea, fechamodificacion, idusuariomod, estado) VALUES ('bb6162f9-1512-4d3c-abcc-10ced4ea9b54','914990c6-00f8-444d-b1a9-bcefd6a4d71e','bc85c74b-4c39-4833-be5c-db3d1a96e5d7','dd9c0922-dca7-4459-a6dc-b11ef025d395','cancelacionDeuda','4d5eb101-e914-4932-b076-02353dc4d836',false,false,NULL,NULL,'Sun May 10 2026 22:42:04 GMT-0500 (hora estándar de Perú)','45d44f02-01e7-4fc6-8b75-03ffc75a67d5','Sun May 10 2026 22:44:16 GMT-0500 (hora estándar de Perú)','45d44f02-01e7-4fc6-8b75-03ffc75a67d5','inactivo');
INSERT INTO producto_homologacion (idproducto, idhomologacion, idtipocargue, idtabla, nombrecolumna, tipodato, obligatorio, filtro, nombrecampoorigen, nombrealiasorigen, fecha_creacion, idusuariocrea, fechamodificacion, idusuariomod, estado) VALUES ('bb6162f9-1512-4d3c-abcc-10ced4ea9b54','00c015dd-d3d5-473b-a7e4-9b099bbd9445','bc85c74b-4c39-4833-be5c-db3d1a96e5d7','dd9c0922-dca7-4459-a6dc-b11ef025d395','correo','71e56645-9d92-4cde-8da4-92c72284dde8',false,false,NULL,NULL,'Sun May 10 2026 22:42:04 GMT-0500 (hora estándar de Perú)','45d44f02-01e7-4fc6-8b75-03ffc75a67d5','Sun May 10 2026 22:44:17 GMT-0500 (hora estándar de Perú)','45d44f02-01e7-4fc6-8b75-03ffc75a67d5','inactivo');
INSERT INTO producto_homologacion (idproducto, idhomologacion, idtipocargue, idtabla, nombrecolumna, tipodato, obligatorio, filtro, nombrecampoorigen, nombrealiasorigen, fecha_creacion, idusuariocrea, fechamodificacion, idusuariomod, estado) VALUES ('bb6162f9-1512-4d3c-abcc-10ced4ea9b54','5cd451e9-b000-4b68-b2a2-a53f4047d2c1','bc85c74b-4c39-4833-be5c-db3d1a96e5d7','dd9c0922-dca7-4459-a6dc-b11ef025d395','cuenta','71e56645-9d92-4cde-8da4-92c72284dde8',true,false,'CUENTA','CUENTA','Sun May 10 2026 22:42:04 GMT-0500 (hora estándar de Perú)','45d44f02-01e7-4fc6-8b75-03ffc75a67d5',NULL,'45d44f02-01e7-4fc6-8b75-03ffc75a67d5','activo');
INSERT INTO producto_homologacion (idproducto, idhomologacion, idtipocargue, idtabla, nombrecolumna, tipodato, obligatorio, filtro, nombrecampoorigen, nombrealiasorigen, fecha_creacion, idusuariocrea, fechamodificacion, idusuariomod, estado) VALUES ('bb6162f9-1512-4d3c-abcc-10ced4ea9b54','75b8f84a-9340-4d7e-8564-1f081f5290e1','bc85c74b-4c39-4833-be5c-db3d1a96e5d7','dd9c0922-dca7-4459-a6dc-b11ef025d395','departamento','71e56645-9d92-4cde-8da4-92c72284dde8',false,true,'DEPARTAMENTO','DEPARTAMENTO','Sun May 10 2026 22:42:04 GMT-0500 (hora estándar de Perú)','45d44f02-01e7-4fc6-8b75-03ffc75a67d5',NULL,'45d44f02-01e7-4fc6-8b75-03ffc75a67d5','activo');
INSERT INTO producto_homologacion (idproducto, idhomologacion, idtipocargue, idtabla, nombrecolumna, tipodato, obligatorio, filtro, nombrecampoorigen, nombrealiasorigen, fecha_creacion, idusuariocrea, fechamodificacion, idusuariomod, estado) VALUES ('bb6162f9-1512-4d3c-abcc-10ced4ea9b54','5827f4ba-c18d-4dc5-bee5-61c4d518db1d','bc85c74b-4c39-4833-be5c-db3d1a96e5d7','dd9c0922-dca7-4459-a6dc-b11ef025d395','deudaTotal','4d5eb101-e914-4932-b076-02353dc4d836',true,false,'DEUDATOTAL','DEUDATOTAL','Sun May 10 2026 22:42:04 GMT-0500 (hora estándar de Perú)','45d44f02-01e7-4fc6-8b75-03ffc75a67d5',NULL,'45d44f02-01e7-4fc6-8b75-03ffc75a67d5','activo');
INSERT INTO producto_homologacion (idproducto, idhomologacion, idtipocargue, idtabla, nombrecolumna, tipodato, obligatorio, filtro, nombrecampoorigen, nombrealiasorigen, fecha_creacion, idusuariocrea, fechamodificacion, idusuariomod, estado) VALUES ('bb6162f9-1512-4d3c-abcc-10ced4ea9b54','a9bcede7-4e30-4d72-a7d4-8b0a3aab8c83','bc85c74b-4c39-4833-be5c-db3d1a96e5d7','dd9c0922-dca7-4459-a6dc-b11ef025d395','direccion','71e56645-9d92-4cde-8da4-92c72284dde8',false,false,'DIRECCION','DIRECCION','Sun May 10 2026 22:42:04 GMT-0500 (hora estándar de Perú)','45d44f02-01e7-4fc6-8b75-03ffc75a67d5',NULL,'45d44f02-01e7-4fc6-8b75-03ffc75a67d5','activo');
INSERT INTO producto_homologacion (idproducto, idhomologacion, idtipocargue, idtabla, nombrecolumna, tipodato, obligatorio, filtro, nombrecampoorigen, nombrealiasorigen, fecha_creacion, idusuariocrea, fechamodificacion, idusuariomod, estado) VALUES ('bb6162f9-1512-4d3c-abcc-10ced4ea9b54','fc13851f-f4f5-4e5f-851b-9603adf8e375','bc85c74b-4c39-4833-be5c-db3d1a96e5d7','dd9c0922-dca7-4459-a6dc-b11ef025d395','distrito','71e56645-9d92-4cde-8da4-92c72284dde8',false,false,'DISTRITO','DISTRITO','Sun May 10 2026 22:42:05 GMT-0500 (hora estándar de Perú)','45d44f02-01e7-4fc6-8b75-03ffc75a67d5',NULL,'45d44f02-01e7-4fc6-8b75-03ffc75a67d5','activo');
INSERT INTO producto_homologacion (idproducto, idhomologacion, idtipocargue, idtabla, nombrecolumna, tipodato, obligatorio, filtro, nombrecampoorigen, nombrealiasorigen, fecha_creacion, idusuariocrea, fechamodificacion, idusuariomod, estado) VALUES ('bb6162f9-1512-4d3c-abcc-10ced4ea9b54','de49fb81-32ad-4d37-be82-ceaaa1cf241e','bc85c74b-4c39-4833-be5c-db3d1a96e5d7','dd9c0922-dca7-4459-a6dc-b11ef025d395','edad','4d5eb101-e914-4932-b076-02353dc4d836',false,false,NULL,NULL,'Sun May 10 2026 22:42:05 GMT-0500 (hora estándar de Perú)','45d44f02-01e7-4fc6-8b75-03ffc75a67d5','Sun May 10 2026 22:44:20 GMT-0500 (hora estándar de Perú)','45d44f02-01e7-4fc6-8b75-03ffc75a67d5','inactivo');
INSERT INTO producto_homologacion (idproducto, idhomologacion, idtipocargue, idtabla, nombrecolumna, tipodato, obligatorio, filtro, nombrecampoorigen, nombrealiasorigen, fecha_creacion, idusuariocrea, fechamodificacion, idusuariomod, estado) VALUES ('bb6162f9-1512-4d3c-abcc-10ced4ea9b54','8a7be774-24b7-4713-84d3-d18516f3ad26','bc85c74b-4c39-4833-be5c-db3d1a96e5d7','dd9c0922-dca7-4459-a6dc-b11ef025d395','estadoCivil','71e56645-9d92-4cde-8da4-92c72284dde8',false,false,NULL,NULL,'Sun May 10 2026 22:42:05 GMT-0500 (hora estándar de Perú)','45d44f02-01e7-4fc6-8b75-03ffc75a67d5','Sun May 10 2026 22:44:22 GMT-0500 (hora estándar de Perú)','45d44f02-01e7-4fc6-8b75-03ffc75a67d5','inactivo');
INSERT INTO producto_homologacion (idproducto, idhomologacion, idtipocargue, idtabla, nombrecolumna, tipodato, obligatorio, filtro, nombrecampoorigen, nombrealiasorigen, fecha_creacion, idusuariocrea, fechamodificacion, idusuariomod, estado) VALUES ('bb6162f9-1512-4d3c-abcc-10ced4ea9b54','9228c385-523b-4285-842b-3d2288a19421','bc85c74b-4c39-4833-be5c-db3d1a96e5d7','dd9c0922-dca7-4459-a6dc-b11ef025d395','fechaNacimiento','b28702c5-22ad-4741-a592-94a9e8d20e90',false,false,NULL,NULL,'Sun May 10 2026 22:42:05 GMT-0500 (hora estándar de Perú)','45d44f02-01e7-4fc6-8b75-03ffc75a67d5','Sun May 10 2026 22:44:24 GMT-0500 (hora estándar de Perú)','45d44f02-01e7-4fc6-8b75-03ffc75a67d5','inactivo');
INSERT INTO producto_homologacion (idproducto, idhomologacion, idtipocargue, idtabla, nombrecolumna, tipodato, obligatorio, filtro, nombrecampoorigen, nombrealiasorigen, fecha_creacion, idusuariocrea, fechamodificacion, idusuariomod, estado) VALUES ('bb6162f9-1512-4d3c-abcc-10ced4ea9b54','b5f70efa-59f0-4594-a135-6da404ab0551','bc85c74b-4c39-4833-be5c-db3d1a96e5d7','dd9c0922-dca7-4459-a6dc-b11ef025d395','identificacion','71e56645-9d92-4cde-8da4-92c72284dde8',true,false,'IDC','IDC','Sun May 10 2026 22:42:04 GMT-0500 (hora estándar de Perú)','45d44f02-01e7-4fc6-8b75-03ffc75a67d5',NULL,'45d44f02-01e7-4fc6-8b75-03ffc75a67d5','activo');
INSERT INTO producto_homologacion (idproducto, idhomologacion, idtipocargue, idtabla, nombrecolumna, tipodato, obligatorio, filtro, nombrecampoorigen, nombrealiasorigen, fecha_creacion, idusuariocrea, fechamodificacion, idusuariomod, estado) VALUES ('bb6162f9-1512-4d3c-abcc-10ced4ea9b54','f4afbbca-6034-4f68-b2c3-894b4918b051','bc85c74b-4c39-4833-be5c-db3d1a96e5d7','dd9c0922-dca7-4459-a6dc-b11ef025d395','moneda','71e56645-9d92-4cde-8da4-92c72284dde8',false,false,'MONEDA','MONEDA','Sun May 10 2026 22:42:05 GMT-0500 (hora estándar de Perú)','45d44f02-01e7-4fc6-8b75-03ffc75a67d5',NULL,'45d44f02-01e7-4fc6-8b75-03ffc75a67d5','activo');
INSERT INTO producto_homologacion (idproducto, idhomologacion, idtipocargue, idtabla, nombrecolumna, tipodato, obligatorio, filtro, nombrecampoorigen, nombrealiasorigen, fecha_creacion, idusuariocrea, fechamodificacion, idusuariomod, estado) VALUES ('bb6162f9-1512-4d3c-abcc-10ced4ea9b54','c4e4fbf5-2700-4f09-af56-22c94139bac0','bc85c74b-4c39-4833-be5c-db3d1a96e5d7','dd9c0922-dca7-4459-a6dc-b11ef025d395','nombre','71e56645-9d92-4cde-8da4-92c72284dde8',false,false,NULL,NULL,'Sun May 10 2026 22:42:05 GMT-0500 (hora estándar de Perú)','45d44f02-01e7-4fc6-8b75-03ffc75a67d5','Sun May 10 2026 22:44:26 GMT-0500 (hora estándar de Perú)','45d44f02-01e7-4fc6-8b75-03ffc75a67d5','inactivo');
INSERT INTO producto_homologacion (idproducto, idhomologacion, idtipocargue, idtabla, nombrecolumna, tipodato, obligatorio, filtro, nombrecampoorigen, nombrealiasorigen, fecha_creacion, idusuariocrea, fechamodificacion, idusuariomod, estado) VALUES ('bb6162f9-1512-4d3c-abcc-10ced4ea9b54','21a68567-1271-4e42-ac15-479f47276dd4','bc85c74b-4c39-4833-be5c-db3d1a96e5d7','dd9c0922-dca7-4459-a6dc-b11ef025d395','nombreCompleto','71e56645-9d92-4cde-8da4-92c72284dde8',true,false,'NOMBRE_TITULAR','NOMBRE_TITULAR','Sun May 10 2026 22:42:05 GMT-0500 (hora estándar de Perú)','45d44f02-01e7-4fc6-8b75-03ffc75a67d5',NULL,'45d44f02-01e7-4fc6-8b75-03ffc75a67d5','activo');
INSERT INTO producto_homologacion (idproducto, idhomologacion, idtipocargue, idtabla, nombrecolumna, tipodato, obligatorio, filtro, nombrecampoorigen, nombrealiasorigen, fecha_creacion, idusuariocrea, fechamodificacion, idusuariomod, estado) VALUES ('bb6162f9-1512-4d3c-abcc-10ced4ea9b54','108893c7-d569-4085-9084-42d547af9c88','bc85c74b-4c39-4833-be5c-db3d1a96e5d7','dd9c0922-dca7-4459-a6dc-b11ef025d395','numeroTarjeta','71e56645-9d92-4cde-8da4-92c72284dde8',false,false,NULL,NULL,'Sun May 10 2026 22:42:04 GMT-0500 (hora estándar de Perú)','45d44f02-01e7-4fc6-8b75-03ffc75a67d5','Sun May 10 2026 22:44:29 GMT-0500 (hora estándar de Perú)','45d44f02-01e7-4fc6-8b75-03ffc75a67d5','inactivo');
INSERT INTO producto_homologacion (idproducto, idhomologacion, idtipocargue, idtabla, nombrecolumna, tipodato, obligatorio, filtro, nombrecampoorigen, nombrealiasorigen, fecha_creacion, idusuariocrea, fechamodificacion, idusuariomod, estado) VALUES ('bb6162f9-1512-4d3c-abcc-10ced4ea9b54','14dfcb7f-eb74-4b1a-aa21-b5087961abb7','bc85c74b-4c39-4833-be5c-db3d1a96e5d7','dd9c0922-dca7-4459-a6dc-b11ef025d395','personadatofecha1','b28702c5-22ad-4741-a592-94a9e8d20e90',false,false,'FECASIGNACION','FECASIGNACION','Sun May 10 2026 22:42:04 GMT-0500 (hora estándar de Perú)','45d44f02-01e7-4fc6-8b75-03ffc75a67d5',NULL,'45d44f02-01e7-4fc6-8b75-03ffc75a67d5','activo');
INSERT INTO producto_homologacion (idproducto, idhomologacion, idtipocargue, idtabla, nombrecolumna, tipodato, obligatorio, filtro, nombrecampoorigen, nombrealiasorigen, fecha_creacion, idusuariocrea, fechamodificacion, idusuariomod, estado) VALUES ('bb6162f9-1512-4d3c-abcc-10ced4ea9b54','d716ed00-a65a-4f13-8202-a2d3dc4c17cc','bc85c74b-4c39-4833-be5c-db3d1a96e5d7','dd9c0922-dca7-4459-a6dc-b11ef025d395','personadatofecha10','b28702c5-22ad-4741-a592-94a9e8d20e90',false,false,NULL,NULL,'Sun May 10 2026 22:42:04 GMT-0500 (hora estándar de Perú)','45d44f02-01e7-4fc6-8b75-03ffc75a67d5','Sun May 10 2026 22:44:32 GMT-0500 (hora estándar de Perú)','45d44f02-01e7-4fc6-8b75-03ffc75a67d5','inactivo');
INSERT INTO producto_homologacion (idproducto, idhomologacion, idtipocargue, idtabla, nombrecolumna, tipodato, obligatorio, filtro, nombrecampoorigen, nombrealiasorigen, fecha_creacion, idusuariocrea, fechamodificacion, idusuariomod, estado) VALUES ('bb6162f9-1512-4d3c-abcc-10ced4ea9b54','deeddfc5-ada1-400e-94a7-7ce0fe1b7684','bc85c74b-4c39-4833-be5c-db3d1a96e5d7','dd9c0922-dca7-4459-a6dc-b11ef025d395','personadatofecha11','b28702c5-22ad-4741-a592-94a9e8d20e90',false,false,NULL,NULL,'Sun May 10 2026 22:42:04 GMT-0500 (hora estándar de Perú)','45d44f02-01e7-4fc6-8b75-03ffc75a67d5','Sun May 10 2026 22:44:34 GMT-0500 (hora estándar de Perú)','45d44f02-01e7-4fc6-8b75-03ffc75a67d5','inactivo');
INSERT INTO producto_homologacion (idproducto, idhomologacion, idtipocargue, idtabla, nombrecolumna, tipodato, obligatorio, filtro, nombrecampoorigen, nombrealiasorigen, fecha_creacion, idusuariocrea, fechamodificacion, idusuariomod, estado) VALUES ('bb6162f9-1512-4d3c-abcc-10ced4ea9b54','818182d4-b349-44e8-93ca-62f5d4f7b173','bc85c74b-4c39-4833-be5c-db3d1a96e5d7','dd9c0922-dca7-4459-a6dc-b11ef025d395','personadatofecha12','b28702c5-22ad-4741-a592-94a9e8d20e90',false,false,NULL,NULL,'Sun May 10 2026 22:42:05 GMT-0500 (hora estándar de Perú)','45d44f02-01e7-4fc6-8b75-03ffc75a67d5','Sun May 10 2026 22:43:35 GMT-0500 (hora estándar de Perú)','45d44f02-01e7-4fc6-8b75-03ffc75a67d5','inactivo');
INSERT INTO producto_homologacion (idproducto, idhomologacion, idtipocargue, idtabla, nombrecolumna, tipodato, obligatorio, filtro, nombrecampoorigen, nombrealiasorigen, fecha_creacion, idusuariocrea, fechamodificacion, idusuariomod, estado) VALUES ('bb6162f9-1512-4d3c-abcc-10ced4ea9b54','c50cd168-f455-408e-9631-0d9fce51783c','bc85c74b-4c39-4833-be5c-db3d1a96e5d7','dd9c0922-dca7-4459-a6dc-b11ef025d395','personadatofecha13','b28702c5-22ad-4741-a592-94a9e8d20e90',false,false,NULL,NULL,'Sun May 10 2026 22:42:05 GMT-0500 (hora estándar de Perú)','45d44f02-01e7-4fc6-8b75-03ffc75a67d5','Sun May 10 2026 22:43:37 GMT-0500 (hora estándar de Perú)','45d44f02-01e7-4fc6-8b75-03ffc75a67d5','inactivo');
INSERT INTO producto_homologacion (idproducto, idhomologacion, idtipocargue, idtabla, nombrecolumna, tipodato, obligatorio, filtro, nombrecampoorigen, nombrealiasorigen, fecha_creacion, idusuariocrea, fechamodificacion, idusuariomod, estado) VALUES ('bb6162f9-1512-4d3c-abcc-10ced4ea9b54','378a0b9e-4724-49fc-888a-0c6669116247','bc85c74b-4c39-4833-be5c-db3d1a96e5d7','dd9c0922-dca7-4459-a6dc-b11ef025d395','personadatofecha14','b28702c5-22ad-4741-a592-94a9e8d20e90',false,false,NULL,NULL,'Sun May 10 2026 22:42:05 GMT-0500 (hora estándar de Perú)','45d44f02-01e7-4fc6-8b75-03ffc75a67d5','Sun May 10 2026 22:43:38 GMT-0500 (hora estándar de Perú)','45d44f02-01e7-4fc6-8b75-03ffc75a67d5','inactivo');
INSERT INTO producto_homologacion (idproducto, idhomologacion, idtipocargue, idtabla, nombrecolumna, tipodato, obligatorio, filtro, nombrecampoorigen, nombrealiasorigen, fecha_creacion, idusuariocrea, fechamodificacion, idusuariomod, estado) VALUES ('bb6162f9-1512-4d3c-abcc-10ced4ea9b54','b5e4f9ce-003e-49fd-97da-65565d895467','bc85c74b-4c39-4833-be5c-db3d1a96e5d7','dd9c0922-dca7-4459-a6dc-b11ef025d395','personadatofecha15','b28702c5-22ad-4741-a592-94a9e8d20e90',false,false,NULL,NULL,'Sun May 10 2026 22:42:05 GMT-0500 (hora estándar de Perú)','45d44f02-01e7-4fc6-8b75-03ffc75a67d5','Sun May 10 2026 22:43:39 GMT-0500 (hora estándar de Perú)','45d44f02-01e7-4fc6-8b75-03ffc75a67d5','inactivo');
INSERT INTO producto_homologacion (idproducto, idhomologacion, idtipocargue, idtabla, nombrecolumna, tipodato, obligatorio, filtro, nombrecampoorigen, nombrealiasorigen, fecha_creacion, idusuariocrea, fechamodificacion, idusuariomod, estado) VALUES ('bb6162f9-1512-4d3c-abcc-10ced4ea9b54','36f9e8a6-0759-40ba-9cfd-19e11490731f','bc85c74b-4c39-4833-be5c-db3d1a96e5d7','dd9c0922-dca7-4459-a6dc-b11ef025d395','personadatofecha2','b28702c5-22ad-4741-a592-94a9e8d20e90',false,false,NULL,NULL,'Sun May 10 2026 22:42:04 GMT-0500 (hora estándar de Perú)','45d44f02-01e7-4fc6-8b75-03ffc75a67d5','Sun May 10 2026 22:43:40 GMT-0500 (hora estándar de Perú)','45d44f02-01e7-4fc6-8b75-03ffc75a67d5','inactivo');
INSERT INTO producto_homologacion (idproducto, idhomologacion, idtipocargue, idtabla, nombrecolumna, tipodato, obligatorio, filtro, nombrecampoorigen, nombrealiasorigen, fecha_creacion, idusuariocrea, fechamodificacion, idusuariomod, estado) VALUES ('bb6162f9-1512-4d3c-abcc-10ced4ea9b54','b2d9ad58-5d50-47b5-9075-9d428694bdda','bc85c74b-4c39-4833-be5c-db3d1a96e5d7','dd9c0922-dca7-4459-a6dc-b11ef025d395','personadatofecha3','b28702c5-22ad-4741-a592-94a9e8d20e90',false,false,NULL,NULL,'Sun May 10 2026 22:42:05 GMT-0500 (hora estándar de Perú)','45d44f02-01e7-4fc6-8b75-03ffc75a67d5','Sun May 10 2026 22:43:41 GMT-0500 (hora estándar de Perú)','45d44f02-01e7-4fc6-8b75-03ffc75a67d5','inactivo');
INSERT INTO producto_homologacion (idproducto, idhomologacion, idtipocargue, idtabla, nombrecolumna, tipodato, obligatorio, filtro, nombrecampoorigen, nombrealiasorigen, fecha_creacion, idusuariocrea, fechamodificacion, idusuariomod, estado) VALUES ('bb6162f9-1512-4d3c-abcc-10ced4ea9b54','9f38900c-81e1-48f3-af72-e7c45e74b2f0','bc85c74b-4c39-4833-be5c-db3d1a96e5d7','dd9c0922-dca7-4459-a6dc-b11ef025d395','personadatofecha4','b28702c5-22ad-4741-a592-94a9e8d20e90',false,false,NULL,NULL,'Sun May 10 2026 22:42:05 GMT-0500 (hora estándar de Perú)','45d44f02-01e7-4fc6-8b75-03ffc75a67d5','Sun May 10 2026 22:43:42 GMT-0500 (hora estándar de Perú)','45d44f02-01e7-4fc6-8b75-03ffc75a67d5','inactivo');
INSERT INTO producto_homologacion (idproducto, idhomologacion, idtipocargue, idtabla, nombrecolumna, tipodato, obligatorio, filtro, nombrecampoorigen, nombrealiasorigen, fecha_creacion, idusuariocrea, fechamodificacion, idusuariomod, estado) VALUES ('bb6162f9-1512-4d3c-abcc-10ced4ea9b54','74d56db8-109d-4de5-b29f-5b2758955bc6','bc85c74b-4c39-4833-be5c-db3d1a96e5d7','dd9c0922-dca7-4459-a6dc-b11ef025d395','personadatofecha5','b28702c5-22ad-4741-a592-94a9e8d20e90',false,false,NULL,NULL,'Sun May 10 2026 22:42:04 GMT-0500 (hora estándar de Perú)','45d44f02-01e7-4fc6-8b75-03ffc75a67d5','Sun May 10 2026 22:43:43 GMT-0500 (hora estándar de Perú)','45d44f02-01e7-4fc6-8b75-03ffc75a67d5','inactivo');
INSERT INTO producto_homologacion (idproducto, idhomologacion, idtipocargue, idtabla, nombrecolumna, tipodato, obligatorio, filtro, nombrecampoorigen, nombrealiasorigen, fecha_creacion, idusuariocrea, fechamodificacion, idusuariomod, estado) VALUES ('bb6162f9-1512-4d3c-abcc-10ced4ea9b54','20daffbc-53f9-4099-82d3-a4ac5001d631','bc85c74b-4c39-4833-be5c-db3d1a96e5d7','dd9c0922-dca7-4459-a6dc-b11ef025d395','personadatofecha6','b28702c5-22ad-4741-a592-94a9e8d20e90',false,false,NULL,NULL,'Sun May 10 2026 22:42:05 GMT-0500 (hora estándar de Perú)','45d44f02-01e7-4fc6-8b75-03ffc75a67d5','Sun May 10 2026 22:43:44 GMT-0500 (hora estándar de Perú)','45d44f02-01e7-4fc6-8b75-03ffc75a67d5','inactivo');
INSERT INTO producto_homologacion (idproducto, idhomologacion, idtipocargue, idtabla, nombrecolumna, tipodato, obligatorio, filtro, nombrecampoorigen, nombrealiasorigen, fecha_creacion, idusuariocrea, fechamodificacion, idusuariomod, estado) VALUES ('bb6162f9-1512-4d3c-abcc-10ced4ea9b54','a65d712f-d806-40ab-96e4-4e000b4693a8','bc85c74b-4c39-4833-be5c-db3d1a96e5d7','dd9c0922-dca7-4459-a6dc-b11ef025d395','personadatofecha7','b28702c5-22ad-4741-a592-94a9e8d20e90',false,false,NULL,NULL,'Sun May 10 2026 22:42:04 GMT-0500 (hora estándar de Perú)','45d44f02-01e7-4fc6-8b75-03ffc75a67d5','Sun May 10 2026 22:43:45 GMT-0500 (hora estándar de Perú)','45d44f02-01e7-4fc6-8b75-03ffc75a67d5','inactivo');
INSERT INTO producto_homologacion (idproducto, idhomologacion, idtipocargue, idtabla, nombrecolumna, tipodato, obligatorio, filtro, nombrecampoorigen, nombrealiasorigen, fecha_creacion, idusuariocrea, fechamodificacion, idusuariomod, estado) VALUES ('bb6162f9-1512-4d3c-abcc-10ced4ea9b54','5ca5d502-41fc-4c04-bea6-605822d5a68b','bc85c74b-4c39-4833-be5c-db3d1a96e5d7','dd9c0922-dca7-4459-a6dc-b11ef025d395','personadatofecha8','b28702c5-22ad-4741-a592-94a9e8d20e90',false,false,NULL,NULL,'Sun May 10 2026 22:42:05 GMT-0500 (hora estándar de Perú)','45d44f02-01e7-4fc6-8b75-03ffc75a67d5','Sun May 10 2026 22:43:45 GMT-0500 (hora estándar de Perú)','45d44f02-01e7-4fc6-8b75-03ffc75a67d5','inactivo');
INSERT INTO producto_homologacion (idproducto, idhomologacion, idtipocargue, idtabla, nombrecolumna, tipodato, obligatorio, filtro, nombrecampoorigen, nombrealiasorigen, fecha_creacion, idusuariocrea, fechamodificacion, idusuariomod, estado) VALUES ('bb6162f9-1512-4d3c-abcc-10ced4ea9b54','16e45eee-182e-44df-b40f-01dc66bace4f','bc85c74b-4c39-4833-be5c-db3d1a96e5d7','dd9c0922-dca7-4459-a6dc-b11ef025d395','personadatofecha9','b28702c5-22ad-4741-a592-94a9e8d20e90',false,false,NULL,NULL,'Sun May 10 2026 22:42:04 GMT-0500 (hora estándar de Perú)','45d44f02-01e7-4fc6-8b75-03ffc75a67d5','Sun May 10 2026 22:43:46 GMT-0500 (hora estándar de Perú)','45d44f02-01e7-4fc6-8b75-03ffc75a67d5','inactivo');
INSERT INTO producto_homologacion (idproducto, idhomologacion, idtipocargue, idtabla, nombrecolumna, tipodato, obligatorio, filtro, nombrecampoorigen, nombrealiasorigen, fecha_creacion, idusuariocrea, fechamodificacion, idusuariomod, estado) VALUES ('bb6162f9-1512-4d3c-abcc-10ced4ea9b54','77fb2bd7-c9e2-4588-9ea3-c23aeeb8506b','bc85c74b-4c39-4833-be5c-db3d1a96e5d7','dd9c0922-dca7-4459-a6dc-b11ef025d395','personadatonumerico1','4d5eb101-e914-4932-b076-02353dc4d836',false,false,'DIAS_MORA','DIAS_MORA','Sun May 10 2026 22:42:04 GMT-0500 (hora estándar de Perú)','45d44f02-01e7-4fc6-8b75-03ffc75a67d5',NULL,'45d44f02-01e7-4fc6-8b75-03ffc75a67d5','activo');
INSERT INTO producto_homologacion (idproducto, idhomologacion, idtipocargue, idtabla, nombrecolumna, tipodato, obligatorio, filtro, nombrecampoorigen, nombrealiasorigen, fecha_creacion, idusuariocrea, fechamodificacion, idusuariomod, estado) VALUES ('bb6162f9-1512-4d3c-abcc-10ced4ea9b54','ba06ad1a-2693-4521-b8a2-22914c4d4caa','bc85c74b-4c39-4833-be5c-db3d1a96e5d7','dd9c0922-dca7-4459-a6dc-b11ef025d395','personadatonumerico10','4d5eb101-e914-4932-b076-02353dc4d836',false,false,'MONTO_PAGO','MONTO_PAGO','Sun May 10 2026 22:42:05 GMT-0500 (hora estándar de Perú)','45d44f02-01e7-4fc6-8b75-03ffc75a67d5',NULL,'45d44f02-01e7-4fc6-8b75-03ffc75a67d5','activo');
INSERT INTO producto_homologacion (idproducto, idhomologacion, idtipocargue, idtabla, nombrecolumna, tipodato, obligatorio, filtro, nombrecampoorigen, nombrealiasorigen, fecha_creacion, idusuariocrea, fechamodificacion, idusuariomod, estado) VALUES ('bb6162f9-1512-4d3c-abcc-10ced4ea9b54','8e9bd10f-9d73-4d04-bbbb-670afa296e4f','bc85c74b-4c39-4833-be5c-db3d1a96e5d7','dd9c0922-dca7-4459-a6dc-b11ef025d395','personadatonumerico11','4d5eb101-e914-4932-b076-02353dc4d836',false,false,'DEUDA_VENCIDA_DOL','DEUDA_VENCIDA_DOL','Sun May 10 2026 22:42:04 GMT-0500 (hora estándar de Perú)','45d44f02-01e7-4fc6-8b75-03ffc75a67d5',NULL,'45d44f02-01e7-4fc6-8b75-03ffc75a67d5','activo');
INSERT INTO producto_homologacion (idproducto, idhomologacion, idtipocargue, idtabla, nombrecolumna, tipodato, obligatorio, filtro, nombrecampoorigen, nombrealiasorigen, fecha_creacion, idusuariocrea, fechamodificacion, idusuariomod, estado) VALUES ('bb6162f9-1512-4d3c-abcc-10ced4ea9b54','272b7beb-3746-4c21-8433-720b332c4baa','bc85c74b-4c39-4833-be5c-db3d1a96e5d7','dd9c0922-dca7-4459-a6dc-b11ef025d395','personadatonumerico12','4d5eb101-e914-4932-b076-02353dc4d836',false,false,'DEUDA_VENCIDA_SOL','DEUDA_VENCIDA_SOL','Sun May 10 2026 22:42:04 GMT-0500 (hora estándar de Perú)','45d44f02-01e7-4fc6-8b75-03ffc75a67d5',NULL,'45d44f02-01e7-4fc6-8b75-03ffc75a67d5','activo');
INSERT INTO producto_homologacion (idproducto, idhomologacion, idtipocargue, idtabla, nombrecolumna, tipodato, obligatorio, filtro, nombrecampoorigen, nombrealiasorigen, fecha_creacion, idusuariocrea, fechamodificacion, idusuariomod, estado) VALUES ('bb6162f9-1512-4d3c-abcc-10ced4ea9b54','35fba577-a3a0-4778-aa77-3f19c436072f','bc85c74b-4c39-4833-be5c-db3d1a96e5d7','dd9c0922-dca7-4459-a6dc-b11ef025d395','personadatonumerico13','4d5eb101-e914-4932-b076-02353dc4d836',false,false,'DEUDA_VENCIDA_1','DEUDA_VENCIDA_1','Sun May 10 2026 22:42:04 GMT-0500 (hora estándar de Perú)','45d44f02-01e7-4fc6-8b75-03ffc75a67d5',NULL,'45d44f02-01e7-4fc6-8b75-03ffc75a67d5','activo');
INSERT INTO producto_homologacion (idproducto, idhomologacion, idtipocargue, idtabla, nombrecolumna, tipodato, obligatorio, filtro, nombrecampoorigen, nombrealiasorigen, fecha_creacion, idusuariocrea, fechamodificacion, idusuariomod, estado) VALUES ('bb6162f9-1512-4d3c-abcc-10ced4ea9b54','4b72bc9f-d2cd-4743-83e6-7326787485cb','bc85c74b-4c39-4833-be5c-db3d1a96e5d7','dd9c0922-dca7-4459-a6dc-b11ef025d395','personadatonumerico14','4d5eb101-e914-4932-b076-02353dc4d836',false,false,'DEUDA_VENCIDA_2','DEUDA_VENCIDA_2','Sun May 10 2026 22:42:04 GMT-0500 (hora estándar de Perú)','45d44f02-01e7-4fc6-8b75-03ffc75a67d5',NULL,'45d44f02-01e7-4fc6-8b75-03ffc75a67d5','activo');
INSERT INTO producto_homologacion (idproducto, idhomologacion, idtipocargue, idtabla, nombrecolumna, tipodato, obligatorio, filtro, nombrecampoorigen, nombrealiasorigen, fecha_creacion, idusuariocrea, fechamodificacion, idusuariomod, estado) VALUES ('bb6162f9-1512-4d3c-abcc-10ced4ea9b54','57f60ca8-4b1b-4103-91c3-b1a6ab5ad35b','bc85c74b-4c39-4833-be5c-db3d1a96e5d7','dd9c0922-dca7-4459-a6dc-b11ef025d395','personadatonumerico15','4d5eb101-e914-4932-b076-02353dc4d836',false,false,'DEUDA_VENCIDA_3','DEUDA_VENCIDA_3','Sun May 10 2026 22:42:04 GMT-0500 (hora estándar de Perú)','45d44f02-01e7-4fc6-8b75-03ffc75a67d5',NULL,'45d44f02-01e7-4fc6-8b75-03ffc75a67d5','activo');
INSERT INTO producto_homologacion (idproducto, idhomologacion, idtipocargue, idtabla, nombrecolumna, tipodato, obligatorio, filtro, nombrecampoorigen, nombrealiasorigen, fecha_creacion, idusuariocrea, fechamodificacion, idusuariomod, estado) VALUES ('bb6162f9-1512-4d3c-abcc-10ced4ea9b54','998233b5-17f0-416d-920e-e9c979cdf488','bc85c74b-4c39-4833-be5c-db3d1a96e5d7','dd9c0922-dca7-4459-a6dc-b11ef025d395','personadatonumerico2','4d5eb101-e914-4932-b076-02353dc4d836',false,false,'DEUDA_VENCIDA_4','DEUDA_VENCIDA_4','Sun May 10 2026 22:42:05 GMT-0500 (hora estándar de Perú)','45d44f02-01e7-4fc6-8b75-03ffc75a67d5',NULL,'45d44f02-01e7-4fc6-8b75-03ffc75a67d5','activo');
INSERT INTO producto_homologacion (idproducto, idhomologacion, idtipocargue, idtabla, nombrecolumna, tipodato, obligatorio, filtro, nombrecampoorigen, nombrealiasorigen, fecha_creacion, idusuariocrea, fechamodificacion, idusuariomod, estado) VALUES ('bb6162f9-1512-4d3c-abcc-10ced4ea9b54','d198cc66-dc1c-4f1c-8957-3c3d3345cc4a','bc85c74b-4c39-4833-be5c-db3d1a96e5d7','dd9c0922-dca7-4459-a6dc-b11ef025d395','personadatonumerico3','4d5eb101-e914-4932-b076-02353dc4d836',false,false,'DEUDA_VENCIDA_5','DEUDA_VENCIDA_5','Sun May 10 2026 22:42:04 GMT-0500 (hora estándar de Perú)','45d44f02-01e7-4fc6-8b75-03ffc75a67d5',NULL,'45d44f02-01e7-4fc6-8b75-03ffc75a67d5','activo');
INSERT INTO producto_homologacion (idproducto, idhomologacion, idtipocargue, idtabla, nombrecolumna, tipodato, obligatorio, filtro, nombrecampoorigen, nombrealiasorigen, fecha_creacion, idusuariocrea, fechamodificacion, idusuariomod, estado) VALUES ('bb6162f9-1512-4d3c-abcc-10ced4ea9b54','bd27d26f-f344-47d8-a8ec-12947635b111','bc85c74b-4c39-4833-be5c-db3d1a96e5d7','dd9c0922-dca7-4459-a6dc-b11ef025d395','personadatonumerico4','4d5eb101-e914-4932-b076-02353dc4d836',false,false,'DEUDA_VENCIDA_6','DEUDA_VENCIDA_6','Sun May 10 2026 22:42:04 GMT-0500 (hora estándar de Perú)','45d44f02-01e7-4fc6-8b75-03ffc75a67d5',NULL,'45d44f02-01e7-4fc6-8b75-03ffc75a67d5','activo');
INSERT INTO producto_homologacion (idproducto, idhomologacion, idtipocargue, idtabla, nombrecolumna, tipodato, obligatorio, filtro, nombrecampoorigen, nombrealiasorigen, fecha_creacion, idusuariocrea, fechamodificacion, idusuariomod, estado) VALUES ('bb6162f9-1512-4d3c-abcc-10ced4ea9b54','6f23d26f-7c2a-4b02-8049-f6df6855d4f0','bc85c74b-4c39-4833-be5c-db3d1a96e5d7','dd9c0922-dca7-4459-a6dc-b11ef025d395','personadatonumerico5','4d5eb101-e914-4932-b076-02353dc4d836',false,false,'DEUDA_VENCIDA_7','DEUDA_VENCIDA_7','Sun May 10 2026 22:42:04 GMT-0500 (hora estándar de Perú)','45d44f02-01e7-4fc6-8b75-03ffc75a67d5',NULL,'45d44f02-01e7-4fc6-8b75-03ffc75a67d5','activo');
INSERT INTO producto_homologacion (idproducto, idhomologacion, idtipocargue, idtabla, nombrecolumna, tipodato, obligatorio, filtro, nombrecampoorigen, nombrealiasorigen, fecha_creacion, idusuariocrea, fechamodificacion, idusuariomod, estado) VALUES ('bb6162f9-1512-4d3c-abcc-10ced4ea9b54','c9d379fd-66df-4a39-af88-cf67e09ae655','bc85c74b-4c39-4833-be5c-db3d1a96e5d7','dd9c0922-dca7-4459-a6dc-b11ef025d395','personadatonumerico6','4d5eb101-e914-4932-b076-02353dc4d836',false,false,'DEUDA_VENCIDA_8','DEUDA_VENCIDA_8','Sun May 10 2026 22:42:04 GMT-0500 (hora estándar de Perú)','45d44f02-01e7-4fc6-8b75-03ffc75a67d5',NULL,'45d44f02-01e7-4fc6-8b75-03ffc75a67d5','activo');
INSERT INTO producto_homologacion (idproducto, idhomologacion, idtipocargue, idtabla, nombrecolumna, tipodato, obligatorio, filtro, nombrecampoorigen, nombrealiasorigen, fecha_creacion, idusuariocrea, fechamodificacion, idusuariomod, estado) VALUES ('bb6162f9-1512-4d3c-abcc-10ced4ea9b54','368e5025-a9b0-48f9-b9e8-d9e7299ca150','bc85c74b-4c39-4833-be5c-db3d1a96e5d7','dd9c0922-dca7-4459-a6dc-b11ef025d395','personadatonumerico7','4d5eb101-e914-4932-b076-02353dc4d836',false,false,'MTOPROVISIONCTA','MTOPROVISIONCTA','Sun May 10 2026 22:42:05 GMT-0500 (hora estándar de Perú)','45d44f02-01e7-4fc6-8b75-03ffc75a67d5',NULL,'45d44f02-01e7-4fc6-8b75-03ffc75a67d5','activo');
INSERT INTO producto_homologacion (idproducto, idhomologacion, idtipocargue, idtabla, nombrecolumna, tipodato, obligatorio, filtro, nombrecampoorigen, nombrealiasorigen, fecha_creacion, idusuariocrea, fechamodificacion, idusuariomod, estado) VALUES ('bb6162f9-1512-4d3c-abcc-10ced4ea9b54','edf92510-250d-4c1a-a2f2-491b5d111fe7','bc85c74b-4c39-4833-be5c-db3d1a96e5d7','dd9c0922-dca7-4459-a6dc-b11ef025d395','personadatonumerico8','4d5eb101-e914-4932-b076-02353dc4d836',false,false,NULL,NULL,'Sun May 10 2026 22:42:04 GMT-0500 (hora estándar de Perú)','45d44f02-01e7-4fc6-8b75-03ffc75a67d5','Sun May 10 2026 22:43:50 GMT-0500 (hora estándar de Perú)','45d44f02-01e7-4fc6-8b75-03ffc75a67d5','inactivo');
INSERT INTO producto_homologacion (idproducto, idhomologacion, idtipocargue, idtabla, nombrecolumna, tipodato, obligatorio, filtro, nombrecampoorigen, nombrealiasorigen, fecha_creacion, idusuariocrea, fechamodificacion, idusuariomod, estado) VALUES ('bb6162f9-1512-4d3c-abcc-10ced4ea9b54','3a1a1e3c-9e6f-46ef-9c00-ef1a1233199a','bc85c74b-4c39-4833-be5c-db3d1a96e5d7','dd9c0922-dca7-4459-a6dc-b11ef025d395','personadatonumerico9','4d5eb101-e914-4932-b076-02353dc4d836',false,false,NULL,NULL,'Sun May 10 2026 22:42:04 GMT-0500 (hora estándar de Perú)','45d44f02-01e7-4fc6-8b75-03ffc75a67d5','Sun May 10 2026 22:43:54 GMT-0500 (hora estándar de Perú)','45d44f02-01e7-4fc6-8b75-03ffc75a67d5','inactivo');
INSERT INTO producto_homologacion (idproducto, idhomologacion, idtipocargue, idtabla, nombrecolumna, tipodato, obligatorio, filtro, nombrecampoorigen, nombrealiasorigen, fecha_creacion, idusuariocrea, fechamodificacion, idusuariomod, estado) VALUES ('bb6162f9-1512-4d3c-abcc-10ced4ea9b54','6e62a83f-9f92-468c-b814-60dba482d5fd','bc85c74b-4c39-4833-be5c-db3d1a96e5d7','dd9c0922-dca7-4459-a6dc-b11ef025d395','personadatotexto1','71e56645-9d92-4cde-8da4-92c72284dde8',false,false,'SUPERVISOR','SUPERVISOR','Sun May 10 2026 22:42:05 GMT-0500 (hora estándar de Perú)','45d44f02-01e7-4fc6-8b75-03ffc75a67d5',NULL,'45d44f02-01e7-4fc6-8b75-03ffc75a67d5','activo');
INSERT INTO producto_homologacion (idproducto, idhomologacion, idtipocargue, idtabla, nombrecolumna, tipodato, obligatorio, filtro, nombrecampoorigen, nombrealiasorigen, fecha_creacion, idusuariocrea, fechamodificacion, idusuariomod, estado) VALUES ('bb6162f9-1512-4d3c-abcc-10ced4ea9b54','5a103560-2020-4f34-855a-3667e55850c7','bc85c74b-4c39-4833-be5c-db3d1a96e5d7','dd9c0922-dca7-4459-a6dc-b11ef025d395','personadatotexto10','71e56645-9d92-4cde-8da4-92c72284dde8',false,false,'USUARIO_ASIGNADO','USUARIO_ASIGNADO','Sun May 10 2026 22:42:05 GMT-0500 (hora estándar de Perú)','45d44f02-01e7-4fc6-8b75-03ffc75a67d5',NULL,'45d44f02-01e7-4fc6-8b75-03ffc75a67d5','activo');
INSERT INTO producto_homologacion (idproducto, idhomologacion, idtipocargue, idtabla, nombrecolumna, tipodato, obligatorio, filtro, nombrecampoorigen, nombrealiasorigen, fecha_creacion, idusuariocrea, fechamodificacion, idusuariomod, estado) VALUES ('bb6162f9-1512-4d3c-abcc-10ced4ea9b54','1ef644fc-044d-41f7-971d-e3f16b3075d2','bc85c74b-4c39-4833-be5c-db3d1a96e5d7','dd9c0922-dca7-4459-a6dc-b11ef025d395','personadatotexto11','71e56645-9d92-4cde-8da4-92c72284dde8',false,false,'NUMCUENTA','NUMCUENTA','Sun May 10 2026 22:42:05 GMT-0500 (hora estándar de Perú)','45d44f02-01e7-4fc6-8b75-03ffc75a67d5',NULL,'45d44f02-01e7-4fc6-8b75-03ffc75a67d5','activo');
INSERT INTO producto_homologacion (idproducto, idhomologacion, idtipocargue, idtabla, nombrecolumna, tipodato, obligatorio, filtro, nombrecampoorigen, nombrealiasorigen, fecha_creacion, idusuariocrea, fechamodificacion, idusuariomod, estado) VALUES ('bb6162f9-1512-4d3c-abcc-10ced4ea9b54','360db7c5-5cc0-41c4-93f9-abffec154a24','bc85c74b-4c39-4833-be5c-db3d1a96e5d7','dd9c0922-dca7-4459-a6dc-b11ef025d395','personadatotexto12','71e56645-9d92-4cde-8da4-92c72284dde8',false,false,'GRUPO_PRODUCTORBP','GRUPO_PRODUCTORBP','Sun May 10 2026 22:42:05 GMT-0500 (hora estándar de Perú)','45d44f02-01e7-4fc6-8b75-03ffc75a67d5',NULL,'45d44f02-01e7-4fc6-8b75-03ffc75a67d5','activo');
INSERT INTO producto_homologacion (idproducto, idhomologacion, idtipocargue, idtabla, nombrecolumna, tipodato, obligatorio, filtro, nombrecampoorigen, nombrealiasorigen, fecha_creacion, idusuariocrea, fechamodificacion, idusuariomod, estado) VALUES ('bb6162f9-1512-4d3c-abcc-10ced4ea9b54','c4e31735-b11f-4a8e-b134-93624198e345','bc85c74b-4c39-4833-be5c-db3d1a96e5d7','dd9c0922-dca7-4459-a6dc-b11ef025d395','personadatotexto13','71e56645-9d92-4cde-8da4-92c72284dde8',false,false,'DESGRUPOFUNCIONAL','DESGRUPOFUNCIONAL','Sun May 10 2026 22:42:04 GMT-0500 (hora estándar de Perú)','45d44f02-01e7-4fc6-8b75-03ffc75a67d5',NULL,'45d44f02-01e7-4fc6-8b75-03ffc75a67d5','activo');
INSERT INTO producto_homologacion (idproducto, idhomologacion, idtipocargue, idtabla, nombrecolumna, tipodato, obligatorio, filtro, nombrecampoorigen, nombrealiasorigen, fecha_creacion, idusuariocrea, fechamodificacion, idusuariomod, estado) VALUES ('bb6162f9-1512-4d3c-abcc-10ced4ea9b54','98aa87d3-aa08-42bb-9d1a-2bcb0aa010cb','bc85c74b-4c39-4833-be5c-db3d1a96e5d7','dd9c0922-dca7-4459-a6dc-b11ef025d395','personadatotexto14','71e56645-9d92-4cde-8da4-92c72284dde8',false,false,'SUBTIPOCARTERA','SUBTIPOCARTERA','Sun May 10 2026 22:42:05 GMT-0500 (hora estándar de Perú)','45d44f02-01e7-4fc6-8b75-03ffc75a67d5',NULL,'45d44f02-01e7-4fc6-8b75-03ffc75a67d5','activo');
INSERT INTO producto_homologacion (idproducto, idhomologacion, idtipocargue, idtabla, nombrecolumna, tipodato, obligatorio, filtro, nombrecampoorigen, nombrealiasorigen, fecha_creacion, idusuariocrea, fechamodificacion, idusuariomod, estado) VALUES ('bb6162f9-1512-4d3c-abcc-10ced4ea9b54','f4e475a4-25de-459a-bd60-feffe4fd27f8','bc85c74b-4c39-4833-be5c-db3d1a96e5d7','dd9c0922-dca7-4459-a6dc-b11ef025d395','personadatotexto15','71e56645-9d92-4cde-8da4-92c72284dde8',false,false,'MARCACARTERA','MARCACARTERA','Sun May 10 2026 22:42:05 GMT-0500 (hora estándar de Perú)','45d44f02-01e7-4fc6-8b75-03ffc75a67d5',NULL,'45d44f02-01e7-4fc6-8b75-03ffc75a67d5','activo');
INSERT INTO producto_homologacion (idproducto, idhomologacion, idtipocargue, idtabla, nombrecolumna, tipodato, obligatorio, filtro, nombrecampoorigen, nombrealiasorigen, fecha_creacion, idusuariocrea, fechamodificacion, idusuariomod, estado) VALUES ('bb6162f9-1512-4d3c-abcc-10ced4ea9b54','e533bd65-6daa-4618-b463-b1aac3d7088d','bc85c74b-4c39-4833-be5c-db3d1a96e5d7','dd9c0922-dca7-4459-a6dc-b11ef025d395','personadatotexto16','71e56645-9d92-4cde-8da4-92c72284dde8',false,false,'LINEA_DE_CREDITO','LINEA_DE_CREDITO','Sun May 10 2026 22:42:05 GMT-0500 (hora estándar de Perú)','45d44f02-01e7-4fc6-8b75-03ffc75a67d5',NULL,'45d44f02-01e7-4fc6-8b75-03ffc75a67d5','activo');
INSERT INTO producto_homologacion (idproducto, idhomologacion, idtipocargue, idtabla, nombrecolumna, tipodato, obligatorio, filtro, nombrecampoorigen, nombrealiasorigen, fecha_creacion, idusuariocrea, fechamodificacion, idusuariomod, estado) VALUES ('bb6162f9-1512-4d3c-abcc-10ced4ea9b54','881960ea-f492-4065-922e-4b7495990d43','bc85c74b-4c39-4833-be5c-db3d1a96e5d7','dd9c0922-dca7-4459-a6dc-b11ef025d395','personadatotexto17','71e56645-9d92-4cde-8da4-92c72284dde8',false,false,'FECBLOQUEO','FECBLOQUEO','Sun May 10 2026 22:42:05 GMT-0500 (hora estándar de Perú)','45d44f02-01e7-4fc6-8b75-03ffc75a67d5',NULL,'45d44f02-01e7-4fc6-8b75-03ffc75a67d5','activo');
INSERT INTO producto_homologacion (idproducto, idhomologacion, idtipocargue, idtabla, nombrecolumna, tipodato, obligatorio, filtro, nombrecampoorigen, nombrealiasorigen, fecha_creacion, idusuariocrea, fechamodificacion, idusuariomod, estado) VALUES ('bb6162f9-1512-4d3c-abcc-10ced4ea9b54','1f9b1cec-52ba-4a8c-8034-feea68e29036','bc85c74b-4c39-4833-be5c-db3d1a96e5d7','dd9c0922-dca7-4459-a6dc-b11ef025d395','personadatotexto18','71e56645-9d92-4cde-8da4-92c72284dde8',false,false,'CODSEGMENTOCASTIGO','CODSEGMENTOCASTIGO','Sun May 10 2026 22:42:04 GMT-0500 (hora estándar de Perú)','45d44f02-01e7-4fc6-8b75-03ffc75a67d5',NULL,'45d44f02-01e7-4fc6-8b75-03ffc75a67d5','activo');
INSERT INTO producto_homologacion (idproducto, idhomologacion, idtipocargue, idtabla, nombrecolumna, tipodato, obligatorio, filtro, nombrecampoorigen, nombrealiasorigen, fecha_creacion, idusuariocrea, fechamodificacion, idusuariomod, estado) VALUES ('bb6162f9-1512-4d3c-abcc-10ced4ea9b54','bfc5c170-86c6-4c82-a404-f705c127f537','bc85c74b-4c39-4833-be5c-db3d1a96e5d7','dd9c0922-dca7-4459-a6dc-b11ef025d395','personadatotexto19','71e56645-9d92-4cde-8da4-92c72284dde8',false,false,'DESSEGMENTOCASTIGO','DESSEGMENTOCASTIGO','Sun May 10 2026 22:42:04 GMT-0500 (hora estándar de Perú)','45d44f02-01e7-4fc6-8b75-03ffc75a67d5',NULL,'45d44f02-01e7-4fc6-8b75-03ffc75a67d5','activo');
INSERT INTO producto_homologacion (idproducto, idhomologacion, idtipocargue, idtabla, nombrecolumna, tipodato, obligatorio, filtro, nombrecampoorigen, nombrealiasorigen, fecha_creacion, idusuariocrea, fechamodificacion, idusuariomod, estado) VALUES ('bb6162f9-1512-4d3c-abcc-10ced4ea9b54','c3c7c81a-9ebd-4eb3-8173-e381a35341fc','bc85c74b-4c39-4833-be5c-db3d1a96e5d7','dd9c0922-dca7-4459-a6dc-b11ef025d395','personadatotexto2','71e56645-9d92-4cde-8da4-92c72284dde8',false,false,'DESMATRIZ','DESMATRIZ','Sun May 10 2026 22:42:05 GMT-0500 (hora estándar de Perú)','45d44f02-01e7-4fc6-8b75-03ffc75a67d5',NULL,'45d44f02-01e7-4fc6-8b75-03ffc75a67d5','activo');
INSERT INTO producto_homologacion (idproducto, idhomologacion, idtipocargue, idtabla, nombrecolumna, tipodato, obligatorio, filtro, nombrecampoorigen, nombrealiasorigen, fecha_creacion, idusuariocrea, fechamodificacion, idusuariomod, estado) VALUES ('bb6162f9-1512-4d3c-abcc-10ced4ea9b54','5f75e24e-4d87-4714-826d-7ac3fce33f7b','bc85c74b-4c39-4833-be5c-db3d1a96e5d7','dd9c0922-dca7-4459-a6dc-b11ef025d395','personadatotexto20','71e56645-9d92-4cde-8da4-92c72284dde8',false,false,'DESREGION','DESREGION','Sun May 10 2026 22:42:05 GMT-0500 (hora estándar de Perú)','45d44f02-01e7-4fc6-8b75-03ffc75a67d5',NULL,'45d44f02-01e7-4fc6-8b75-03ffc75a67d5','activo');
INSERT INTO producto_homologacion (idproducto, idhomologacion, idtipocargue, idtabla, nombrecolumna, tipodato, obligatorio, filtro, nombrecampoorigen, nombrealiasorigen, fecha_creacion, idusuariocrea, fechamodificacion, idusuariomod, estado) VALUES ('bb6162f9-1512-4d3c-abcc-10ced4ea9b54','d2c2c936-ba22-4116-bc49-bd3099dd8dfc','bc85c74b-4c39-4833-be5c-db3d1a96e5d7','dd9c0922-dca7-4459-a6dc-b11ef025d395','personadatotexto21','71e56645-9d92-4cde-8da4-92c72284dde8',false,false,'FECULTGESTION','FECULTGESTION','Sun May 10 2026 22:42:05 GMT-0500 (hora estándar de Perú)','45d44f02-01e7-4fc6-8b75-03ffc75a67d5',NULL,'45d44f02-01e7-4fc6-8b75-03ffc75a67d5','activo');
INSERT INTO producto_homologacion (idproducto, idhomologacion, idtipocargue, idtabla, nombrecolumna, tipodato, obligatorio, filtro, nombrecampoorigen, nombrealiasorigen, fecha_creacion, idusuariocrea, fechamodificacion, idusuariomod, estado) VALUES ('bb6162f9-1512-4d3c-abcc-10ced4ea9b54','5c4d8d71-ebcf-4df1-a2ae-f352b9df23ca','bc85c74b-4c39-4833-be5c-db3d1a96e5d7','dd9c0922-dca7-4459-a6dc-b11ef025d395','personadatotexto22','71e56645-9d92-4cde-8da4-92c72284dde8',false,false,'ULTDESACCION','ULTDESACCION','Sun May 10 2026 22:42:05 GMT-0500 (hora estándar de Perú)','45d44f02-01e7-4fc6-8b75-03ffc75a67d5',NULL,'45d44f02-01e7-4fc6-8b75-03ffc75a67d5','activo');
INSERT INTO producto_homologacion (idproducto, idhomologacion, idtipocargue, idtabla, nombrecolumna, tipodato, obligatorio, filtro, nombrecampoorigen, nombrealiasorigen, fecha_creacion, idusuariocrea, fechamodificacion, idusuariomod, estado) VALUES ('bb6162f9-1512-4d3c-abcc-10ced4ea9b54','9ccb798c-2030-492c-9292-fad28c4d34cf','bc85c74b-4c39-4833-be5c-db3d1a96e5d7','dd9c0922-dca7-4459-a6dc-b11ef025d395','personadatotexto23','71e56645-9d92-4cde-8da4-92c72284dde8',false,false,'FECHA_ULT_PAGO','FECHA_ULT_PAGO','Sun May 10 2026 22:42:04 GMT-0500 (hora estándar de Perú)','45d44f02-01e7-4fc6-8b75-03ffc75a67d5',NULL,'45d44f02-01e7-4fc6-8b75-03ffc75a67d5','activo');
INSERT INTO producto_homologacion (idproducto, idhomologacion, idtipocargue, idtabla, nombrecolumna, tipodato, obligatorio, filtro, nombrecampoorigen, nombrealiasorigen, fecha_creacion, idusuariocrea, fechamodificacion, idusuariomod, estado) VALUES ('bb6162f9-1512-4d3c-abcc-10ced4ea9b54','7b0536ab-ebb3-44bb-95a3-770a6a17d78c','bc85c74b-4c39-4833-be5c-db3d1a96e5d7','dd9c0922-dca7-4459-a6dc-b11ef025d395','personadatotexto24','71e56645-9d92-4cde-8da4-92c72284dde8',false,false,'RANGO_MORA','RANGO_MORA','Sun May 10 2026 22:42:05 GMT-0500 (hora estándar de Perú)','45d44f02-01e7-4fc6-8b75-03ffc75a67d5',NULL,'45d44f02-01e7-4fc6-8b75-03ffc75a67d5','activo');
INSERT INTO producto_homologacion (idproducto, idhomologacion, idtipocargue, idtabla, nombrecolumna, tipodato, obligatorio, filtro, nombrecampoorigen, nombrealiasorigen, fecha_creacion, idusuariocrea, fechamodificacion, idusuariomod, estado) VALUES ('bb6162f9-1512-4d3c-abcc-10ced4ea9b54','5863c9af-c726-4a36-aa71-1117c9f5316c','bc85c74b-4c39-4833-be5c-db3d1a96e5d7','dd9c0922-dca7-4459-a6dc-b11ef025d395','personadatotexto25','71e56645-9d92-4cde-8da4-92c72284dde8',false,false,'DESRAZONNOPAGO','DESRAZONNOPAGO','Sun May 10 2026 22:42:05 GMT-0500 (hora estándar de Perú)','45d44f02-01e7-4fc6-8b75-03ffc75a67d5',NULL,'45d44f02-01e7-4fc6-8b75-03ffc75a67d5','activo');
INSERT INTO producto_homologacion (idproducto, idhomologacion, idtipocargue, idtabla, nombrecolumna, tipodato, obligatorio, filtro, nombrecampoorigen, nombrealiasorigen, fecha_creacion, idusuariocrea, fechamodificacion, idusuariomod, estado) VALUES ('bb6162f9-1512-4d3c-abcc-10ced4ea9b54','69f6be12-346b-49f5-8b25-6f50aada3a4a','bc85c74b-4c39-4833-be5c-db3d1a96e5d7','dd9c0922-dca7-4459-a6dc-b11ef025d395','personadatotexto26','71e56645-9d92-4cde-8da4-92c72284dde8',false,false,'RANGO_MORA','RANGO_MORA','Sun May 10 2026 22:42:04 GMT-0500 (hora estándar de Perú)','45d44f02-01e7-4fc6-8b75-03ffc75a67d5',NULL,'45d44f02-01e7-4fc6-8b75-03ffc75a67d5','activo');
INSERT INTO producto_homologacion (idproducto, idhomologacion, idtipocargue, idtabla, nombrecolumna, tipodato, obligatorio, filtro, nombrecampoorigen, nombrealiasorigen, fecha_creacion, idusuariocrea, fechamodificacion, idusuariomod, estado) VALUES ('bb6162f9-1512-4d3c-abcc-10ced4ea9b54','f2dce83a-6882-439e-995e-b1d073d661f3','bc85c74b-4c39-4833-be5c-db3d1a96e5d7','dd9c0922-dca7-4459-a6dc-b11ef025d395','personadatotexto27','71e56645-9d92-4cde-8da4-92c72284dde8',false,false,'NBREMPLEADOR','NBREMPLEADOR','Sun May 10 2026 22:42:04 GMT-0500 (hora estándar de Perú)','45d44f02-01e7-4fc6-8b75-03ffc75a67d5',NULL,'45d44f02-01e7-4fc6-8b75-03ffc75a67d5','activo');
INSERT INTO producto_homologacion (idproducto, idhomologacion, idtipocargue, idtabla, nombrecolumna, tipodato, obligatorio, filtro, nombrecampoorigen, nombrealiasorigen, fecha_creacion, idusuariocrea, fechamodificacion, idusuariomod, estado) VALUES ('bb6162f9-1512-4d3c-abcc-10ced4ea9b54','13ff6509-27e3-4c25-9678-ec797264e618','bc85c74b-4c39-4833-be5c-db3d1a96e5d7','dd9c0922-dca7-4459-a6dc-b11ef025d395','personadatotexto28','71e56645-9d92-4cde-8da4-92c72284dde8',false,false,'GRUPO_GESTION','GRUPO_GESTION','Sun May 10 2026 22:42:05 GMT-0500 (hora estándar de Perú)','45d44f02-01e7-4fc6-8b75-03ffc75a67d5',NULL,'45d44f02-01e7-4fc6-8b75-03ffc75a67d5','activo');
INSERT INTO producto_homologacion (idproducto, idhomologacion, idtipocargue, idtabla, nombrecolumna, tipodato, obligatorio, filtro, nombrecampoorigen, nombrealiasorigen, fecha_creacion, idusuariocrea, fechamodificacion, idusuariomod, estado) VALUES ('bb6162f9-1512-4d3c-abcc-10ced4ea9b54','7330c145-b677-4bb8-848d-3f68d323a2b6','bc85c74b-4c39-4833-be5c-db3d1a96e5d7','dd9c0922-dca7-4459-a6dc-b11ef025d395','personadatotexto29','71e56645-9d92-4cde-8da4-92c72284dde8',false,false,'DEUDOR_SBS','DEUDOR_SBS','Sun May 10 2026 22:42:05 GMT-0500 (hora estándar de Perú)','45d44f02-01e7-4fc6-8b75-03ffc75a67d5',NULL,'45d44f02-01e7-4fc6-8b75-03ffc75a67d5','activo');
INSERT INTO producto_homologacion (idproducto, idhomologacion, idtipocargue, idtabla, nombrecolumna, tipodato, obligatorio, filtro, nombrecampoorigen, nombrealiasorigen, fecha_creacion, idusuariocrea, fechamodificacion, idusuariomod, estado) VALUES ('bb6162f9-1512-4d3c-abcc-10ced4ea9b54','e4ccca78-1883-45b3-a4b7-bb640a84d72b','bc85c74b-4c39-4833-be5c-db3d1a96e5d7','dd9c0922-dca7-4459-a6dc-b11ef025d395','personadatotexto3','71e56645-9d92-4cde-8da4-92c72284dde8',false,false,'PROPUESTAS_NEGOCIACION','PROPUESTAS_NEGOCIACION','Sun May 10 2026 22:42:05 GMT-0500 (hora estándar de Perú)','45d44f02-01e7-4fc6-8b75-03ffc75a67d5',NULL,'45d44f02-01e7-4fc6-8b75-03ffc75a67d5','activo');
INSERT INTO producto_homologacion (idproducto, idhomologacion, idtipocargue, idtabla, nombrecolumna, tipodato, obligatorio, filtro, nombrecampoorigen, nombrealiasorigen, fecha_creacion, idusuariocrea, fechamodificacion, idusuariomod, estado) VALUES ('bb6162f9-1512-4d3c-abcc-10ced4ea9b54','fe4fc8a1-57d1-4da2-8603-563bee722db1','bc85c74b-4c39-4833-be5c-db3d1a96e5d7','dd9c0922-dca7-4459-a6dc-b11ef025d395','personadatotexto30','71e56645-9d92-4cde-8da4-92c72284dde8',false,false,'DSCTO_CONDONACION_PORCENTAJE','DSCTO_CONDONACION_PORCENTAJE','Sun May 10 2026 22:42:05 GMT-0500 (hora estándar de Perú)','45d44f02-01e7-4fc6-8b75-03ffc75a67d5',NULL,'45d44f02-01e7-4fc6-8b75-03ffc75a67d5','activo');
INSERT INTO producto_homologacion (idproducto, idhomologacion, idtipocargue, idtabla, nombrecolumna, tipodato, obligatorio, filtro, nombrecampoorigen, nombrealiasorigen, fecha_creacion, idusuariocrea, fechamodificacion, idusuariomod, estado) VALUES ('bb6162f9-1512-4d3c-abcc-10ced4ea9b54','259123d3-1ede-4180-acfc-0630ec8263dd','bc85c74b-4c39-4833-be5c-db3d1a96e5d7','dd9c0922-dca7-4459-a6dc-b11ef025d395','personadatotexto31','71e56645-9d92-4cde-8da4-92c72284dde8',false,false,'COLA_ACTUAL','COLA_ACTUAL','Sun May 10 2026 22:42:04 GMT-0500 (hora estándar de Perú)','45d44f02-01e7-4fc6-8b75-03ffc75a67d5',NULL,'45d44f02-01e7-4fc6-8b75-03ffc75a67d5','activo');
INSERT INTO producto_homologacion (idproducto, idhomologacion, idtipocargue, idtabla, nombrecolumna, tipodato, obligatorio, filtro, nombrecampoorigen, nombrealiasorigen, fecha_creacion, idusuariocrea, fechamodificacion, idusuariomod, estado) VALUES ('bb6162f9-1512-4d3c-abcc-10ced4ea9b54','c210711c-e09a-4ef0-bef2-602b4d7f844c','bc85c74b-4c39-4833-be5c-db3d1a96e5d7','dd9c0922-dca7-4459-a6dc-b11ef025d395','personadatotexto32','71e56645-9d92-4cde-8da4-92c72284dde8',false,false,'ULT_FECHACAMBIO','ULT_FECHACAMBIO','Sun May 10 2026 22:42:04 GMT-0500 (hora estándar de Perú)','45d44f02-01e7-4fc6-8b75-03ffc75a67d5',NULL,'45d44f02-01e7-4fc6-8b75-03ffc75a67d5','activo');
INSERT INTO producto_homologacion (idproducto, idhomologacion, idtipocargue, idtabla, nombrecolumna, tipodato, obligatorio, filtro, nombrecampoorigen, nombrealiasorigen, fecha_creacion, idusuariocrea, fechamodificacion, idusuariomod, estado) VALUES ('bb6162f9-1512-4d3c-abcc-10ced4ea9b54','dbe4490d-fc52-4d49-9ac5-862d2481041c','bc85c74b-4c39-4833-be5c-db3d1a96e5d7','dd9c0922-dca7-4459-a6dc-b11ef025d395','personadatotexto33','71e56645-9d92-4cde-8da4-92c72284dde8',false,false,'MONTO_SOLES','MONTO_SOLES','Sun May 10 2026 22:42:05 GMT-0500 (hora estándar de Perú)','45d44f02-01e7-4fc6-8b75-03ffc75a67d5',NULL,'45d44f02-01e7-4fc6-8b75-03ffc75a67d5','activo');
INSERT INTO producto_homologacion (idproducto, idhomologacion, idtipocargue, idtabla, nombrecolumna, tipodato, obligatorio, filtro, nombrecampoorigen, nombrealiasorigen, fecha_creacion, idusuariocrea, fechamodificacion, idusuariomod, estado) VALUES ('bb6162f9-1512-4d3c-abcc-10ced4ea9b54','ade70eac-65bc-4287-8320-6fa0ee8c1b64','bc85c74b-4c39-4833-be5c-db3d1a96e5d7','dd9c0922-dca7-4459-a6dc-b11ef025d395','personadatotexto34','71e56645-9d92-4cde-8da4-92c72284dde8',false,false,'MONTO_DOLARES','MONTO_DOLARES','Sun May 10 2026 22:42:05 GMT-0500 (hora estándar de Perú)','45d44f02-01e7-4fc6-8b75-03ffc75a67d5',NULL,'45d44f02-01e7-4fc6-8b75-03ffc75a67d5','activo');
INSERT INTO producto_homologacion (idproducto, idhomologacion, idtipocargue, idtabla, nombrecolumna, tipodato, obligatorio, filtro, nombrecampoorigen, nombrealiasorigen, fecha_creacion, idusuariocrea, fechamodificacion, idusuariomod, estado) VALUES ('bb6162f9-1512-4d3c-abcc-10ced4ea9b54','96dbbafd-e7b2-4dbe-8071-1618d3cce6c3','bc85c74b-4c39-4833-be5c-db3d1a96e5d7','dd9c0922-dca7-4459-a6dc-b11ef025d395','personadatotexto35','71e56645-9d92-4cde-8da4-92c72284dde8',false,false,'TRAMOASIG','TRAMOASIG','Sun May 10 2026 22:42:05 GMT-0500 (hora estándar de Perú)','45d44f02-01e7-4fc6-8b75-03ffc75a67d5',NULL,'45d44f02-01e7-4fc6-8b75-03ffc75a67d5','activo');
INSERT INTO producto_homologacion (idproducto, idhomologacion, idtipocargue, idtabla, nombrecolumna, tipodato, obligatorio, filtro, nombrecampoorigen, nombrealiasorigen, fecha_creacion, idusuariocrea, fechamodificacion, idusuariomod, estado) VALUES ('bb6162f9-1512-4d3c-abcc-10ced4ea9b54','ace29319-cc50-44a3-a333-6f3bb8acc555','bc85c74b-4c39-4833-be5c-db3d1a96e5d7','dd9c0922-dca7-4459-a6dc-b11ef025d395','personadatotexto36','71e56645-9d92-4cde-8da4-92c72284dde8',false,false,'CODSUPERVISORJUD','CODSUPERVISORJUD','Sun May 10 2026 22:42:05 GMT-0500 (hora estándar de Perú)','45d44f02-01e7-4fc6-8b75-03ffc75a67d5',NULL,'45d44f02-01e7-4fc6-8b75-03ffc75a67d5','activo');
INSERT INTO producto_homologacion (idproducto, idhomologacion, idtipocargue, idtabla, nombrecolumna, tipodato, obligatorio, filtro, nombrecampoorigen, nombrealiasorigen, fecha_creacion, idusuariocrea, fechamodificacion, idusuariomod, estado) VALUES ('bb6162f9-1512-4d3c-abcc-10ced4ea9b54','208326e0-a3b0-425f-a64c-97a475796a27','bc85c74b-4c39-4833-be5c-db3d1a96e5d7','dd9c0922-dca7-4459-a6dc-b11ef025d395','personadatotexto37','71e56645-9d92-4cde-8da4-92c72284dde8',false,false,'FECASIGPLM','FECASIGPLM','Sun May 10 2026 22:42:05 GMT-0500 (hora estándar de Perú)','45d44f02-01e7-4fc6-8b75-03ffc75a67d5',NULL,'45d44f02-01e7-4fc6-8b75-03ffc75a67d5','activo');
INSERT INTO producto_homologacion (idproducto, idhomologacion, idtipocargue, idtabla, nombrecolumna, tipodato, obligatorio, filtro, nombrecampoorigen, nombrealiasorigen, fecha_creacion, idusuariocrea, fechamodificacion, idusuariomod, estado) VALUES ('bb6162f9-1512-4d3c-abcc-10ced4ea9b54','22d1de9a-a9c4-4a4a-a2ab-f721fb13a14d','bc85c74b-4c39-4833-be5c-db3d1a96e5d7','dd9c0922-dca7-4459-a6dc-b11ef025d395','personadatotexto38','71e56645-9d92-4cde-8da4-92c72284dde8',false,false,'MTOTOTALDEUDAPOSICIONMORANOMORA','MTOTOTALDEUDAPOSICIONMORANOMORA','Sun May 10 2026 22:42:04 GMT-0500 (hora estándar de Perú)','45d44f02-01e7-4fc6-8b75-03ffc75a67d5',NULL,'45d44f02-01e7-4fc6-8b75-03ffc75a67d5','activo');
INSERT INTO producto_homologacion (idproducto, idhomologacion, idtipocargue, idtabla, nombrecolumna, tipodato, obligatorio, filtro, nombrecampoorigen, nombrealiasorigen, fecha_creacion, idusuariocrea, fechamodificacion, idusuariomod, estado) VALUES ('bb6162f9-1512-4d3c-abcc-10ced4ea9b54','cb8199dc-ad51-4b72-b0b0-a753c51f5b2f','bc85c74b-4c39-4833-be5c-db3d1a96e5d7','dd9c0922-dca7-4459-a6dc-b11ef025d395','personadatotexto39','71e56645-9d92-4cde-8da4-92c72284dde8',false,false,'FLGFOGEMPLM','FLGFOGEMPLM','Sun May 10 2026 22:42:05 GMT-0500 (hora estándar de Perú)','45d44f02-01e7-4fc6-8b75-03ffc75a67d5',NULL,'45d44f02-01e7-4fc6-8b75-03ffc75a67d5','activo');
INSERT INTO producto_homologacion (idproducto, idhomologacion, idtipocargue, idtabla, nombrecolumna, tipodato, obligatorio, filtro, nombrecampoorigen, nombrealiasorigen, fecha_creacion, idusuariocrea, fechamodificacion, idusuariomod, estado) VALUES ('bb6162f9-1512-4d3c-abcc-10ced4ea9b54','ecf90570-8f67-4544-8c06-87c0c5d0f244','bc85c74b-4c39-4833-be5c-db3d1a96e5d7','dd9c0922-dca7-4459-a6dc-b11ef025d395','personadatotexto4','71e56645-9d92-4cde-8da4-92c72284dde8',false,false,'CODSEGMENTOCLICASTIGO','CODSEGMENTOCLICASTIGO','Sun May 10 2026 22:42:05 GMT-0500 (hora estándar de Perú)','45d44f02-01e7-4fc6-8b75-03ffc75a67d5',NULL,'45d44f02-01e7-4fc6-8b75-03ffc75a67d5','activo');
INSERT INTO producto_homologacion (idproducto, idhomologacion, idtipocargue, idtabla, nombrecolumna, tipodato, obligatorio, filtro, nombrecampoorigen, nombrealiasorigen, fecha_creacion, idusuariocrea, fechamodificacion, idusuariomod, estado) VALUES ('bb6162f9-1512-4d3c-abcc-10ced4ea9b54','ad81719d-fff7-4a8d-824d-e68019fd76ae','bc85c74b-4c39-4833-be5c-db3d1a96e5d7','dd9c0922-dca7-4459-a6dc-b11ef025d395','personadatotexto40','71e56645-9d92-4cde-8da4-92c72284dde8',false,false,'CTDENTADICSISTFIN','CTDENTADICSISTFIN','Sun May 10 2026 22:42:05 GMT-0500 (hora estándar de Perú)','45d44f02-01e7-4fc6-8b75-03ffc75a67d5',NULL,'45d44f02-01e7-4fc6-8b75-03ffc75a67d5','activo');
INSERT INTO producto_homologacion (idproducto, idhomologacion, idtipocargue, idtabla, nombrecolumna, tipodato, obligatorio, filtro, nombrecampoorigen, nombrealiasorigen, fecha_creacion, idusuariocrea, fechamodificacion, idusuariomod, estado) VALUES ('bb6162f9-1512-4d3c-abcc-10ced4ea9b54','ea73a8cf-d92d-45b7-a280-d4f03afa05d0','bc85c74b-4c39-4833-be5c-db3d1a96e5d7','dd9c0922-dca7-4459-a6dc-b11ef025d395','personadatotexto41','71e56645-9d92-4cde-8da4-92c72284dde8',false,false,'MTODEUDAADICSISTFIN','MTODEUDAADICSISTFIN','Sun May 10 2026 22:42:05 GMT-0500 (hora estándar de Perú)','45d44f02-01e7-4fc6-8b75-03ffc75a67d5',NULL,'45d44f02-01e7-4fc6-8b75-03ffc75a67d5','activo');
INSERT INTO producto_homologacion (idproducto, idhomologacion, idtipocargue, idtabla, nombrecolumna, tipodato, obligatorio, filtro, nombrecampoorigen, nombrealiasorigen, fecha_creacion, idusuariocrea, fechamodificacion, idusuariomod, estado) VALUES ('bb6162f9-1512-4d3c-abcc-10ced4ea9b54','a0b4ea42-7c5a-4028-805c-543ba23dfc99','bc85c74b-4c39-4833-be5c-db3d1a96e5d7','dd9c0922-dca7-4459-a6dc-b11ef025d395','personadatotexto42','71e56645-9d92-4cde-8da4-92c72284dde8',false,false,'MTODEUDAADICSISTFIN_ACT','MTODEUDAADICSISTFIN_ACT','Sun May 10 2026 22:42:04 GMT-0500 (hora estándar de Perú)','45d44f02-01e7-4fc6-8b75-03ffc75a67d5',NULL,'45d44f02-01e7-4fc6-8b75-03ffc75a67d5','activo');
INSERT INTO producto_homologacion (idproducto, idhomologacion, idtipocargue, idtabla, nombrecolumna, tipodato, obligatorio, filtro, nombrecampoorigen, nombrealiasorigen, fecha_creacion, idusuariocrea, fechamodificacion, idusuariomod, estado) VALUES ('bb6162f9-1512-4d3c-abcc-10ced4ea9b54','f7af54bd-799d-4f3a-962f-0bf31aa4d3d0','bc85c74b-4c39-4833-be5c-db3d1a96e5d7','dd9c0922-dca7-4459-a6dc-b11ef025d395','personadatotexto43','71e56645-9d92-4cde-8da4-92c72284dde8',false,false,'MTODEUDAADICSISTFIN_CAS','MTODEUDAADICSISTFIN_CAS','Sun May 10 2026 22:42:05 GMT-0500 (hora estándar de Perú)','45d44f02-01e7-4fc6-8b75-03ffc75a67d5',NULL,'45d44f02-01e7-4fc6-8b75-03ffc75a67d5','activo');
INSERT INTO producto_homologacion (idproducto, idhomologacion, idtipocargue, idtabla, nombrecolumna, tipodato, obligatorio, filtro, nombrecampoorigen, nombrealiasorigen, fecha_creacion, idusuariocrea, fechamodificacion, idusuariomod, estado) VALUES ('bb6162f9-1512-4d3c-abcc-10ced4ea9b54','32ffa964-5e2e-479e-978d-d384c62c8c21','bc85c74b-4c39-4833-be5c-db3d1a96e5d7','dd9c0922-dca7-4459-a6dc-b11ef025d395','personadatotexto44','71e56645-9d92-4cde-8da4-92c72284dde8',false,false,'NBRUSUARIO','NBRUSUARIO','Sun May 10 2026 22:42:05 GMT-0500 (hora estándar de Perú)','45d44f02-01e7-4fc6-8b75-03ffc75a67d5',NULL,'45d44f02-01e7-4fc6-8b75-03ffc75a67d5','activo');
INSERT INTO producto_homologacion (idproducto, idhomologacion, idtipocargue, idtabla, nombrecolumna, tipodato, obligatorio, filtro, nombrecampoorigen, nombrealiasorigen, fecha_creacion, idusuariocrea, fechamodificacion, idusuariomod, estado) VALUES ('bb6162f9-1512-4d3c-abcc-10ced4ea9b54','8e4be9e4-f703-4abd-804a-1a420b4a458e','bc85c74b-4c39-4833-be5c-db3d1a96e5d7','dd9c0922-dca7-4459-a6dc-b11ef025d395','personadatotexto45','71e56645-9d92-4cde-8da4-92c72284dde8',false,false,'HONARIOS','HONARIOS','Sun May 10 2026 22:42:05 GMT-0500 (hora estándar de Perú)','45d44f02-01e7-4fc6-8b75-03ffc75a67d5',NULL,'45d44f02-01e7-4fc6-8b75-03ffc75a67d5','activo');
INSERT INTO producto_homologacion (idproducto, idhomologacion, idtipocargue, idtabla, nombrecolumna, tipodato, obligatorio, filtro, nombrecampoorigen, nombrealiasorigen, fecha_creacion, idusuariocrea, fechamodificacion, idusuariomod, estado) VALUES ('bb6162f9-1512-4d3c-abcc-10ced4ea9b54','c61a43fe-2373-4ee1-b754-5fc1b7ada661','bc85c74b-4c39-4833-be5c-db3d1a96e5d7','dd9c0922-dca7-4459-a6dc-b11ef025d395','personadatotexto46','71e56645-9d92-4cde-8da4-92c72284dde8',false,false,'DEUDACONSOLIDADA','DEUDACONSOLIDADA','Sun May 10 2026 22:42:05 GMT-0500 (hora estándar de Perú)','45d44f02-01e7-4fc6-8b75-03ffc75a67d5',NULL,'45d44f02-01e7-4fc6-8b75-03ffc75a67d5','activo');
INSERT INTO producto_homologacion (idproducto, idhomologacion, idtipocargue, idtabla, nombrecolumna, tipodato, obligatorio, filtro, nombrecampoorigen, nombrealiasorigen, fecha_creacion, idusuariocrea, fechamodificacion, idusuariomod, estado) VALUES ('bb6162f9-1512-4d3c-abcc-10ced4ea9b54','37701050-97dd-4ae6-a32c-fd79cfb120b4','bc85c74b-4c39-4833-be5c-db3d1a96e5d7','dd9c0922-dca7-4459-a6dc-b11ef025d395','personadatotexto47','71e56645-9d92-4cde-8da4-92c72284dde8',false,false,'TIPBLOQUEOPRODUCTO','TIPBLOQUEOPRODUCTO','Sun May 10 2026 22:42:05 GMT-0500 (hora estándar de Perú)','45d44f02-01e7-4fc6-8b75-03ffc75a67d5',NULL,'45d44f02-01e7-4fc6-8b75-03ffc75a67d5','activo');
INSERT INTO producto_homologacion (idproducto, idhomologacion, idtipocargue, idtabla, nombrecolumna, tipodato, obligatorio, filtro, nombrecampoorigen, nombrealiasorigen, fecha_creacion, idusuariocrea, fechamodificacion, idusuariomod, estado) VALUES ('bb6162f9-1512-4d3c-abcc-10ced4ea9b54','6d9aa542-943d-49b3-8b80-98e763e03334','bc85c74b-4c39-4833-be5c-db3d1a96e5d7','dd9c0922-dca7-4459-a6dc-b11ef025d395','personadatotexto48','71e56645-9d92-4cde-8da4-92c72284dde8',false,false,'IDCCLIENTE_AFP','IDCCLIENTE_AFP','Sun May 10 2026 22:42:05 GMT-0500 (hora estándar de Perú)','45d44f02-01e7-4fc6-8b75-03ffc75a67d5',NULL,'45d44f02-01e7-4fc6-8b75-03ffc75a67d5','activo');
INSERT INTO producto_homologacion (idproducto, idhomologacion, idtipocargue, idtabla, nombrecolumna, tipodato, obligatorio, filtro, nombrecampoorigen, nombrealiasorigen, fecha_creacion, idusuariocrea, fechamodificacion, idusuariomod, estado) VALUES ('bb6162f9-1512-4d3c-abcc-10ced4ea9b54','104af53d-4554-4f85-90b8-832bba237fa4','bc85c74b-4c39-4833-be5c-db3d1a96e5d7','dd9c0922-dca7-4459-a6dc-b11ef025d395','personadatotexto49','71e56645-9d92-4cde-8da4-92c72284dde8',false,false,'IDCCLIENTE_REACTIVA','IDCCLIENTE_REACTIVA','Sun May 10 2026 22:42:05 GMT-0500 (hora estándar de Perú)','45d44f02-01e7-4fc6-8b75-03ffc75a67d5',NULL,'45d44f02-01e7-4fc6-8b75-03ffc75a67d5','activo');
INSERT INTO producto_homologacion (idproducto, idhomologacion, idtipocargue, idtabla, nombrecolumna, tipodato, obligatorio, filtro, nombrecampoorigen, nombrealiasorigen, fecha_creacion, idusuariocrea, fechamodificacion, idusuariomod, estado) VALUES ('bb6162f9-1512-4d3c-abcc-10ced4ea9b54','388a3924-abeb-4024-bea1-40884aa572b2','bc85c74b-4c39-4833-be5c-db3d1a96e5d7','dd9c0922-dca7-4459-a6dc-b11ef025d395','personadatotexto5','71e56645-9d92-4cde-8da4-92c72284dde8',false,false,'PLAZOS','PLAZOS','Sun May 10 2026 22:42:05 GMT-0500 (hora estándar de Perú)','45d44f02-01e7-4fc6-8b75-03ffc75a67d5',NULL,'45d44f02-01e7-4fc6-8b75-03ffc75a67d5','activo');
INSERT INTO producto_homologacion (idproducto, idhomologacion, idtipocargue, idtabla, nombrecolumna, tipodato, obligatorio, filtro, nombrecampoorigen, nombrealiasorigen, fecha_creacion, idusuariocrea, fechamodificacion, idusuariomod, estado) VALUES ('bb6162f9-1512-4d3c-abcc-10ced4ea9b54','bd7320e6-ddfe-4dfa-85f4-934e2ef66a2a','bc85c74b-4c39-4833-be5c-db3d1a96e5d7','dd9c0922-dca7-4459-a6dc-b11ef025d395','personadatotexto50','71e56645-9d92-4cde-8da4-92c72284dde8',false,false,'GRUPO_CAMPANIA','GRUPO_CAMPANIA','Sun May 10 2026 22:42:05 GMT-0500 (hora estándar de Perú)','45d44f02-01e7-4fc6-8b75-03ffc75a67d5',NULL,'45d44f02-01e7-4fc6-8b75-03ffc75a67d5','activo');
INSERT INTO producto_homologacion (idproducto, idhomologacion, idtipocargue, idtabla, nombrecolumna, tipodato, obligatorio, filtro, nombrecampoorigen, nombrealiasorigen, fecha_creacion, idusuariocrea, fechamodificacion, idusuariomod, estado) VALUES ('bb6162f9-1512-4d3c-abcc-10ced4ea9b54','59affca5-5b46-4c90-b196-902bae0a9ab2','bc85c74b-4c39-4833-be5c-db3d1a96e5d7','dd9c0922-dca7-4459-a6dc-b11ef025d395','personadatotexto6','71e56645-9d92-4cde-8da4-92c72284dde8',false,false,'GRUPO_GESTION1','GRUPO_GESTION1','Sun May 10 2026 22:42:05 GMT-0500 (hora estándar de Perú)','45d44f02-01e7-4fc6-8b75-03ffc75a67d5',NULL,'45d44f02-01e7-4fc6-8b75-03ffc75a67d5','activo');
INSERT INTO producto_homologacion (idproducto, idhomologacion, idtipocargue, idtabla, nombrecolumna, tipodato, obligatorio, filtro, nombrecampoorigen, nombrealiasorigen, fecha_creacion, idusuariocrea, fechamodificacion, idusuariomod, estado) VALUES ('bb6162f9-1512-4d3c-abcc-10ced4ea9b54','87b6a0db-cb44-4867-82ab-0d67ee99ead4','bc85c74b-4c39-4833-be5c-db3d1a96e5d7','dd9c0922-dca7-4459-a6dc-b11ef025d395','personadatotexto7','71e56645-9d92-4cde-8da4-92c72284dde8',false,false,'FLGPRIORIZAR','FLGPRIORIZAR','Sun May 10 2026 22:42:05 GMT-0500 (hora estándar de Perú)','45d44f02-01e7-4fc6-8b75-03ffc75a67d5',NULL,'45d44f02-01e7-4fc6-8b75-03ffc75a67d5','activo');
INSERT INTO producto_homologacion (idproducto, idhomologacion, idtipocargue, idtabla, nombrecolumna, tipodato, obligatorio, filtro, nombrecampoorigen, nombrealiasorigen, fecha_creacion, idusuariocrea, fechamodificacion, idusuariomod, estado) VALUES ('bb6162f9-1512-4d3c-abcc-10ced4ea9b54','d4f5f5fc-8e1b-4bbc-a26a-2e12e7c89e9e','bc85c74b-4c39-4833-be5c-db3d1a96e5d7','dd9c0922-dca7-4459-a6dc-b11ef025d395','personadatotexto8','71e56645-9d92-4cde-8da4-92c72284dde8',false,false,'PERFIL','PERFIL','Sun May 10 2026 22:42:05 GMT-0500 (hora estándar de Perú)','45d44f02-01e7-4fc6-8b75-03ffc75a67d5',NULL,'45d44f02-01e7-4fc6-8b75-03ffc75a67d5','activo');
INSERT INTO producto_homologacion (idproducto, idhomologacion, idtipocargue, idtabla, nombrecolumna, tipodato, obligatorio, filtro, nombrecampoorigen, nombrealiasorigen, fecha_creacion, idusuariocrea, fechamodificacion, idusuariomod, estado) VALUES ('bb6162f9-1512-4d3c-abcc-10ced4ea9b54','d498bf1c-5ccc-4229-b876-2e0b4b20e8bc','bc85c74b-4c39-4833-be5c-db3d1a96e5d7','dd9c0922-dca7-4459-a6dc-b11ef025d395','personadatotexto9','71e56645-9d92-4cde-8da4-92c72284dde8',false,false,'DESCUENTOS','DESCUENTOS','Sun May 10 2026 22:42:05 GMT-0500 (hora estándar de Perú)','45d44f02-01e7-4fc6-8b75-03ffc75a67d5',NULL,'45d44f02-01e7-4fc6-8b75-03ffc75a67d5','activo');
INSERT INTO producto_homologacion (idproducto, idhomologacion, idtipocargue, idtabla, nombrecolumna, tipodato, obligatorio, filtro, nombrecampoorigen, nombrealiasorigen, fecha_creacion, idusuariocrea, fechamodificacion, idusuariomod, estado) VALUES ('bb6162f9-1512-4d3c-abcc-10ced4ea9b54','e88543fd-0e3e-432a-ba47-afea7842eaac','bc85c74b-4c39-4833-be5c-db3d1a96e5d7','dd9c0922-dca7-4459-a6dc-b11ef025d395','producto','71e56645-9d92-4cde-8da4-92c72284dde8',false,true,'PRODUCTORBP','PRODUCTORBP','Sun May 10 2026 22:42:05 GMT-0500 (hora estándar de Perú)','45d44f02-01e7-4fc6-8b75-03ffc75a67d5',NULL,'45d44f02-01e7-4fc6-8b75-03ffc75a67d5','activo');
INSERT INTO producto_homologacion (idproducto, idhomologacion, idtipocargue, idtabla, nombrecolumna, tipodato, obligatorio, filtro, nombrecampoorigen, nombrealiasorigen, fecha_creacion, idusuariocrea, fechamodificacion, idusuariomod, estado) VALUES ('bb6162f9-1512-4d3c-abcc-10ced4ea9b54','3556d303-8436-4ee3-aa0f-383e633e945d','bc85c74b-4c39-4833-be5c-db3d1a96e5d7','dd9c0922-dca7-4459-a6dc-b11ef025d395','profesion','71e56645-9d92-4cde-8da4-92c72284dde8',false,false,'CODCLAVECIC','CODCLAVECIC','Sun May 10 2026 22:42:05 GMT-0500 (hora estándar de Perú)','45d44f02-01e7-4fc6-8b75-03ffc75a67d5','Sun May 10 2026 22:56:01 GMT-0500 (hora estándar de Perú)','45d44f02-01e7-4fc6-8b75-03ffc75a67d5','activo');
INSERT INTO producto_homologacion (idproducto, idhomologacion, idtipocargue, idtabla, nombrecolumna, tipodato, obligatorio, filtro, nombrecampoorigen, nombrealiasorigen, fecha_creacion, idusuariocrea, fechamodificacion, idusuariomod, estado) VALUES ('bb6162f9-1512-4d3c-abcc-10ced4ea9b54','72fabdb8-b9f9-4893-919b-16661d6a342d','bc85c74b-4c39-4833-be5c-db3d1a96e5d7','dd9c0922-dca7-4459-a6dc-b11ef025d395','provincia','71e56645-9d92-4cde-8da4-92c72284dde8',false,false,'PROVINCIA','PROVINCIA','Sun May 10 2026 22:42:05 GMT-0500 (hora estándar de Perú)','45d44f02-01e7-4fc6-8b75-03ffc75a67d5',NULL,'45d44f02-01e7-4fc6-8b75-03ffc75a67d5','activo');
INSERT INTO producto_homologacion (idproducto, idhomologacion, idtipocargue, idtabla, nombrecolumna, tipodato, obligatorio, filtro, nombrecampoorigen, nombrealiasorigen, fecha_creacion, idusuariocrea, fechamodificacion, idusuariomod, estado) VALUES ('bb6162f9-1512-4d3c-abcc-10ced4ea9b54','a8d9f96d-4f75-4313-b884-69b9c583ba4c','bc85c74b-4c39-4833-be5c-db3d1a96e5d7','dd9c0922-dca7-4459-a6dc-b11ef025d395','subproducto','71e56645-9d92-4cde-8da4-92c72284dde8',false,false,'DATO1','DATO1','Sun May 10 2026 22:42:05 GMT-0500 (hora estándar de Perú)','45d44f02-01e7-4fc6-8b75-03ffc75a67d5',NULL,'45d44f02-01e7-4fc6-8b75-03ffc75a67d5','activo');
INSERT INTO producto_homologacion (idproducto, idhomologacion, idtipocargue, idtabla, nombrecolumna, tipodato, obligatorio, filtro, nombrecampoorigen, nombrealiasorigen, fecha_creacion, idusuariocrea, fechamodificacion, idusuariomod, estado) VALUES ('bb6162f9-1512-4d3c-abcc-10ced4ea9b54','db2a512c-0e07-4105-bcef-998299c141c1','bc85c74b-4c39-4833-be5c-db3d1a96e5d7','dd9c0922-dca7-4459-a6dc-b11ef025d395','sueldo','4d5eb101-e914-4932-b076-02353dc4d836',false,false,NULL,NULL,'Sun May 10 2026 22:42:05 GMT-0500 (hora estándar de Perú)','45d44f02-01e7-4fc6-8b75-03ffc75a67d5','Sun May 10 2026 22:45:20 GMT-0500 (hora estándar de Perú)','45d44f02-01e7-4fc6-8b75-03ffc75a67d5','inactivo');
INSERT INTO producto_homologacion (idproducto, idhomologacion, idtipocargue, idtabla, nombrecolumna, tipodato, obligatorio, filtro, nombrecampoorigen, nombrealiasorigen, fecha_creacion, idusuariocrea, fechamodificacion, idusuariomod, estado) VALUES ('bb6162f9-1512-4d3c-abcc-10ced4ea9b54','c11e9fa2-0738-45f9-aaa1-e1222e83fb48','bc85c74b-4c39-4833-be5c-db3d1a96e5d7','dd9c0922-dca7-4459-a6dc-b11ef025d395','tipoDocumento','71e56645-9d92-4cde-8da4-92c72284dde8',false,false,NULL,NULL,'Sun May 10 2026 22:42:04 GMT-0500 (hora estándar de Perú)','45d44f02-01e7-4fc6-8b75-03ffc75a67d5','Sun May 10 2026 22:45:23 GMT-0500 (hora estándar de Perú)','45d44f02-01e7-4fc6-8b75-03ffc75a67d5','inactivo');
